年度,組織別,行業別,統計項目,單位,中小企業(家),大企業(家)
2013,總計,農林漁牧業,家數,家,12027,61
2013,股份有限公司,農林漁牧業,家數,家,1042,39
2013,有限公司,農林漁牧業,家數,家,1120,10
2013,無限公司,農林漁牧業,家數,家, ,0
2013,兩合公司,農林漁牧業,家數,家, , 
2013,合夥,農林漁牧業,家數,家,812,0
2013,獨資,農林漁牧業,家數,家,8803, 
2013,外國公司,農林漁牧業,家數,家, , 
2013,外國公司辦事處,農林漁牧業,家數,家, ,0
2013,分公司,農林漁牧業,家數,家,30, 
2013,其他,農林漁牧業,家數,家,212,8
2013,總計,礦業及土石採取業,家數,家,1166,26
2013,股份有限公司,礦業及土石採取業,家數,家,311,26
2013,有限公司,礦業及土石採取業,家數,家,453,0
2013,無限公司,礦業及土石採取業,家數,家, ,0
2013,兩合公司,礦業及土石採取業,家數,家,0,0
2013,合夥,礦業及土石採取業,家數,家,56,0
2013,獨資,礦業及土石採取業,家數,家,302,0
2013,外國公司,礦業及土石採取業,家數,家, ,0
2013,外國公司辦事處,礦業及土石採取業,家數,家,0,0
2013,分公司,礦業及土石採取業,家數,家,14,0
2013,其他,礦業及土石採取業,家數,家,28,0
2013,總計,製造業,家數,家,139099,5661
2013,股份有限公司,製造業,家數,家,29169,5461
2013,有限公司,製造業,家數,家,56396,166
2013,無限公司,製造業,家數,家,0,0
2013,兩合公司,製造業,家數,家, ,0
2013,合夥,製造業,家數,家,3049,0
2013,獨資,製造業,家數,家,48449, 
2013,外國公司,製造業,家數,家,227,11
2013,外國公司辦事處,製造業,家數,家,6, 
2013,分公司,製造業,家數,家,740,0
2013,其他,製造業,家數,家,1061,18
2013,總計,電力及燃氣供應業,家數,家,423,130
2013,股份有限公司,電力及燃氣供應業,家數,家,114,74
2013,有限公司,電力及燃氣供應業,家數,家,186,9
2013,無限公司,電力及燃氣供應業,家數,家,0,0
2013,兩合公司,電力及燃氣供應業,家數,家,0,0
2013,合夥,電力及燃氣供應業,家數,家,6,0
2013,獨資,電力及燃氣供應業,家數,家,72, 
2013,外國公司,電力及燃氣供應業,家數,家, ,0
2013,外國公司辦事處,電力及燃氣供應業,家數,家,0,0
2013,分公司,電力及燃氣供應業,家數,家,7,11
2013,其他,電力及燃氣供應業,家數,家,37,35
2013,總計,用水供應及污染整治業,家數,家,7211,295
2013,股份有限公司,用水供應及污染整治業,家數,家,563,123
2013,有限公司,用水供應及污染整治業,家數,家,2905,101
2013,無限公司,用水供應及污染整治業,家數,家,0,0
2013,兩合公司,用水供應及污染整治業,家數,家,0,0
2013,合夥,用水供應及污染整治業,家數,家,118,0
2013,獨資,用水供應及污染整治業,家數,家,3485, 
2013,外國公司,用水供應及污染整治業,家數,家,7, 
2013,外國公司辦事處,用水供應及污染整治業,家數,家, ,0
2013,分公司,用水供應及污染整治業,家數,家,40,6
2013,其他,用水供應及污染整治業,家數,家,92,62
2013,總計,營造業,家數,家,107498,1281
2013,股份有限公司,營造業,家數,家,5485,900
2013,有限公司,營造業,家數,家,46639,335
2013,無限公司,營造業,家數,家,9, 
2013,兩合公司,營造業,家數,家, ,0
2013,合夥,營造業,家數,家,2880,0
2013,獨資,營造業,家數,家,51894,8
2013,外國公司,營造業,家數,家,90,17
2013,外國公司辦事處,營造業,家數,家,9, 
2013,分公司,營造業,家數,家,166,0
2013,其他,營造業,家數,家,322,17
2013,總計,批發及零售業,家數,家,666857,17126
2013,股份有限公司,批發及零售業,家數,家,43458,7656
2013,有限公司,批發及零售業,家數,家,200610,5831
2013,無限公司,批發及零售業,家數,家,40,0
2013,兩合公司,批發及零售業,家數,家,8,0
2013,合夥,批發及零售業,家數,家,10400,82
2013,獨資,批發及零售業,家數,家,371992,113
2013,外國公司,批發及零售業,家數,家,1943,456
2013,外國公司辦事處,批發及零售業,家數,家,48, 
2013,分公司,批發及零售業,家數,家,21403,1418
2013,其他,批發及零售業,家數,家,16955,1567
2013,總計,運輸及倉儲業,家數,家,30283,1062
2013,股份有限公司,運輸及倉儲業,家數,家,4105,556
2013,有限公司,運輸及倉儲業,家數,家,9438,227
2013,無限公司,運輸及倉儲業,家數,家, ,0
2013,兩合公司,運輸及倉儲業,家數,家, ,0
2013,合夥,運輸及倉儲業,家數,家,699, 
2013,獨資,運輸及倉儲業,家數,家,12015,0
2013,外國公司,運輸及倉儲業,家數,家,56,49
2013,外國公司辦事處,運輸及倉儲業,家數,家,6, 
2013,分公司,運輸及倉儲業,家數,家,833,78
2013,其他,運輸及倉儲業,家數,家,3128,150
2013,總計,住宿及餐飲業,家數,家,130653,430
2013,股份有限公司,住宿及餐飲業,家數,家,1793,214
2013,有限公司,住宿及餐飲業,家數,家,5001,70
2013,無限公司,住宿及餐飲業,家數,家,6,0
2013,兩合公司,住宿及餐飲業,家數,家,0,0
2013,合夥,住宿及餐飲業,家數,家,3177,8
2013,獨資,住宿及餐飲業,家數,家,116260, 
2013,外國公司,住宿及餐飲業,家數,家,91, 
2013,外國公司辦事處,住宿及餐飲業,家數,家, ,0
2013,分公司,住宿及餐飲業,家數,家,2693,103
2013,其他,住宿及餐飲業,家數,家,1630,28
2013,總計,資訊及通訊傳播業,家數,家,17794,727
2013,股份有限公司,資訊及通訊傳播業,家數,家,4115,532
2013,有限公司,資訊及通訊傳播業,家數,家,8027,54
2013,無限公司,資訊及通訊傳播業,家數,家, ,0
2013,兩合公司,資訊及通訊傳播業,家數,家, ,0
2013,合夥,資訊及通訊傳播業,家數,家,248,0
2013,獨資,資訊及通訊傳播業,家數,家,3458, 
2013,外國公司,資訊及通訊傳播業,家數,家,261,54
2013,外國公司辦事處,資訊及通訊傳播業,家數,家, , 
2013,分公司,資訊及通訊傳播業,家數,家,425,40
2013,其他,資訊及通訊傳播業,家數,家,1255,44
2013,總計,金融及保險業,家數,家,14947,2434
2013,股份有限公司,金融及保險業,家數,家,4470,500
2013,有限公司,金融及保險業,家數,家,3479,18
2013,無限公司,金融及保險業,家數,家, ,0
2013,兩合公司,金融及保險業,家數,家, ,0
2013,合夥,金融及保險業,家數,家,136,0
2013,獨資,金融及保險業,家數,家,2104, 
2013,外國公司,金融及保險業,家數,家,220,73
2013,外國公司辦事處,金融及保險業,家數,家, ,0
2013,分公司,金融及保險業,家數,家,3354,1448
2013,其他,金融及保險業,家數,家,1180,393
2013,總計,不動產業,家數,家,29986,1513
2013,股份有限公司,不動產業,家數,家,8348,1021
2013,有限公司,不動產業,家數,家,14382,340
2013,無限公司,不動產業,家數,家, ,0
2013,兩合公司,不動產業,家數,家, ,0
2013,合夥,不動產業,家數,家,638, 
2013,獨資,不動產業,家數,家,3870,17
2013,外國公司,不動產業,家數,家,216,9
2013,外國公司辦事處,不動產業,家數,家,0,0
2013,分公司,不動產業,家數,家,560,23
2013,其他,不動產業,家數,家,1963,101
2013,總計,專業、科學及技術服務業,家數,家,41167,714
2013,股份有限公司,專業、科學及技術服務業,家數,家,5386,422
2013,有限公司,專業、科學及技術服務業,家數,家,21279,158
2013,無限公司,專業、科學及技術服務業,家數,家, ,0
2013,兩合公司,專業、科學及技術服務業,家數,家, ,0
2013,合夥,專業、科學及技術服務業,家數,家,564,0
2013,獨資,專業、科學及技術服務業,家數,家,12797, 
2013,外國公司,專業、科學及技術服務業,家數,家,376,59
2013,外國公司辦事處,專業、科學及技術服務業,家數,家,6, 
2013,分公司,專業、科學及技術服務業,家數,家,255,19
2013,其他,專業、科學及技術服務業,家數,家,498,53
2013,總計,支援服務業,家數,家,28607,432
2013,股份有限公司,支援服務業,家數,家,2500,248
2013,有限公司,支援服務業,家數,家,9698,95
2013,無限公司,支援服務業,家數,家, ,0
2013,兩合公司,支援服務業,家數,家,0,0
2013,合夥,支援服務業,家數,家,449, 
2013,獨資,支援服務業,家數,家,14089, 
2013,外國公司,支援服務業,家數,家,48,12
2013,外國公司辦事處,支援服務業,家數,家, ,0
2013,分公司,支援服務業,家數,家,1198,57
2013,其他,支援服務業,家數,家,622,15
2013,總計,教育服務業,家數,家,1622,8
2013,股份有限公司,教育服務業,家數,家,132, 
2013,有限公司,教育服務業,家數,家,463,0
2013,無限公司,教育服務業,家數,家,0,0
2013,兩合公司,教育服務業,家數,家,0,0
2013,合夥,教育服務業,家數,家,10,0
2013,獨資,教育服務業,家數,家,330,0
2013,外國公司,教育服務業,家數,家,6,0
2013,外國公司辦事處,教育服務業,家數,家,0,0
2013,分公司,教育服務業,家數,家,194, 
2013,其他,教育服務業,家數,家,487, 
2013,總計,醫療保健及社會工作服務業,家數,家,604,12
2013,股份有限公司,醫療保健及社會工作服務業,家數,家,47,7
2013,有限公司,醫療保健及社會工作服務業,家數,家,70, 
2013,無限公司,醫療保健及社會工作服務業,家數,家,0,0
2013,兩合公司,醫療保健及社會工作服務業,家數,家,0,0
2013,合夥,醫療保健及社會工作服務業,家數,家, ,0
2013,獨資,醫療保健及社會工作服務業,家數,家,333,0
2013,外國公司,醫療保健及社會工作服務業,家數,家,6,0
2013,外國公司辦事處,醫療保健及社會工作服務業,家數,家,0,0
2013,分公司,醫療保健及社會工作服務業,家數,家, ,0
2013,其他,醫療保健及社會工作服務業,家數,家,143, 
2013,總計,藝術、娛樂及休閒服務業,家數,家,23791,108
2013,股份有限公司,藝術、娛樂及休閒服務業,家數,家,526,53
2013,有限公司,藝術、娛樂及休閒服務業,家數,家,1922,8
2013,無限公司,藝術、娛樂及休閒服務業,家數,家, ,0
2013,兩合公司,藝術、娛樂及休閒服務業,家數,家, ,0
2013,合夥,藝術、娛樂及休閒服務業,家數,家,267, 
2013,獨資,藝術、娛樂及休閒服務業,家數,家,20423, 
2013,外國公司,藝術、娛樂及休閒服務業,家數,家,42, 
2013,外國公司辦事處,藝術、娛樂及休閒服務業,家數,家,0,0
2013,分公司,藝術、娛樂及休閒服務業,家數,家,196,20
2013,其他,藝術、娛樂及休閒服務業,家數,家,410,20
2013,總計,其他服務業,家數,家,77447,191
2013,股份有限公司,其他服務業,家數,家,618,60
2013,有限公司,其他服務業,家數,家,3702,22
2013,無限公司,其他服務業,家數,家, ,0
2013,兩合公司,其他服務業,家數,家,0,0
2013,合夥,其他服務業,家數,家,1125,0
2013,獨資,其他服務業,家數,家,70490, 
2013,外國公司,其他服務業,家數,家,33,0
2013,外國公司辦事處,其他服務業,家數,家, ,0
2013,分公司,其他服務業,家數,家,341,38
2013,其他,其他服務業,家數,家,1133,69
2014,總計,農林漁牧業,家數,家,11568,70
2014,股份有限公司,農林漁牧業,家數,家,1101,46
2014,有限公司,農林漁牧業,家數,家,1226,12
2014,無限公司,農林漁牧業,家數,家, ,-
2014,兩合公司,農林漁牧業,家數,家, ,-
2014,合夥,農林漁牧業,家數,家,777,-
2014,獨資,農林漁牧業,家數,家,8196,-
2014,本國公司之分公司,農林漁牧業,家數,家,36, 
2014,外國公司在台之分公司,農林漁牧業,家數,家, , 
2014,其他,農林漁牧業,家數,家,227,10
2014,總計,礦業及土石採取業,家數,家,1151,26
2014,股份有限公司,礦業及土石採取業,家數,家,315,26
2014,有限公司,礦業及土石採取業,家數,家,450,-
2014,無限公司,礦業及土石採取業,家數,家, ,-
2014,兩合公司,礦業及土石採取業,家數,家,-,-
2014,合夥,礦業及土石採取業,家數,家,57,-
2014,獨資,礦業及土石採取業,家數,家,287,-
2014,本國公司之分公司,礦業及土石採取業,家數,家,12,-
2014,外國公司在台之分公司,礦業及土石採取業,家數,家, ,-
2014,其他,礦業及土石採取業,家數,家,28,-
2014,總計,製造業,家數,家,141817,5587
2014,股份有限公司,製造業,家數,家,29456,5395
2014,有限公司,製造業,家數,家,58650,158
2014,無限公司,製造業,家數,家, ,-
2014,兩合公司,製造業,家數,家, ,-
2014,合夥,製造業,家數,家,3194,-
2014,獨資,製造業,家數,家,48417, 
2014,本國公司之分公司,製造業,家數,家,786,-
2014,外國公司在台之分公司,製造業,家數,家,249,15
2014,其他,製造業,家數,家,1061,16
2014,總計,電力及燃氣供應業,家數,家,546,134
2014,股份有限公司,電力及燃氣供應業,家數,家,146,78
2014,有限公司,電力及燃氣供應業,家數,家,259,9
2014,無限公司,電力及燃氣供應業,家數,家,-,-
2014,兩合公司,電力及燃氣供應業,家數,家,-,-
2014,合夥,電力及燃氣供應業,家數,家,8,-
2014,獨資,電力及燃氣供應業,家數,家,88, 
2014,本國公司之分公司,電力及燃氣供應業,家數,家,9,10
2014,外國公司在台之分公司,電力及燃氣供應業,家數,家,-,-
2014,其他,電力及燃氣供應業,家數,家,36,36
2014,總計,用水供應及污染整治業,家數,家,7155,325
2014,股份有限公司,用水供應及污染整治業,家數,家,554,125
2014,有限公司,用水供應及污染整治業,家數,家,2880,130
2014,無限公司,用水供應及污染整治業,家數,家,-,-
2014,兩合公司,用水供應及污染整治業,家數,家,-,-
2014,合夥,用水供應及污染整治業,家數,家,119,-
2014,獨資,用水供應及污染整治業,家數,家,3462, 
2014,本國公司之分公司,用水供應及污染整治業,家數,家,37,7
2014,外國公司在台之分公司,用水供應及污染整治業,家數,家,7, 
2014,其他,用水供應及污染整治業,家數,家,96,61
2014,總計,營造業,家數,家,112164,1236
2014,股份有限公司,營造業,家數,家,5682,883
2014,有限公司,營造業,家數,家,48835,315
2014,無限公司,營造業,家數,家,14, 
2014,兩合公司,營造業,家數,家, ,-
2014,合夥,營造業,家數,家,3081,-
2014,獨資,營造業,家數,家,53946, 
2014,本國公司之分公司,營造業,家數,家,169,-
2014,外國公司在台之分公司,營造業,家數,家,97,19
2014,其他,營造業,家數,家,337,13
2014,總計,批發及零售業,家數,家,668428,17755
2014,股份有限公司,批發及零售業,家數,家,43678,7774
2014,有限公司,批發及零售業,家數,家,204355,6199
2014,無限公司,批發及零售業,家數,家,54,-
2014,兩合公司,批發及零售業,家數,家,10,-
2014,合夥,批發及零售業,家數,家,10757,77
2014,獨資,批發及零售業,家數,家,368799,117
2014,本國公司之分公司,批發及零售業,家數,家,21610,1485
2014,外國公司在台之分公司,批發及零售業,家數,家,2003,487
2014,其他,批發及零售業,家數,家,17162,1616
2014,總計,運輸及倉儲業,家數,家,30281,1118
2014,股份有限公司,運輸及倉儲業,家數,家,4121,578
2014,有限公司,運輸及倉儲業,家數,家,9501,259
2014,無限公司,運輸及倉儲業,家數,家, ,-
2014,兩合公司,運輸及倉儲業,家數,家, ,-
2014,合夥,運輸及倉儲業,家數,家,700, 
2014,獨資,運輸及倉儲業,家數,家,11694,-
2014,本國公司之分公司,運輸及倉儲業,家數,家,825,74
2014,外國公司在台之分公司,運輸及倉儲業,家數,家,51,51
2014,其他,運輸及倉儲業,家數,家,3386,154
2014,總計,住宿及餐飲業,家數,家,134326,483
2014,股份有限公司,住宿及餐飲業,家數,家,1946,242
2014,有限公司,住宿及餐飲業,家數,家,5534,73
2014,無限公司,住宿及餐飲業,家數,家,6,-
2014,兩合公司,住宿及餐飲業,家數,家, ,-
2014,合夥,住宿及餐飲業,家數,家,3538,10
2014,獨資,住宿及餐飲業,家數,家,118394, 
2014,本國公司之分公司,住宿及餐飲業,家數,家,2957,116
2014,外國公司在台之分公司,住宿及餐飲業,家數,家,62, 
2014,其他,住宿及餐飲業,家數,家,1888,34
2014,總計,資訊及通訊傳播業,家數,家,18141,741
2014,股份有限公司,資訊及通訊傳播業,家數,家,4363,528
2014,有限公司,資訊及通訊傳播業,家數,家,8354,74
2014,無限公司,資訊及通訊傳播業,家數,家, ,-
2014,兩合公司,資訊及通訊傳播業,家數,家, ,-
2014,合夥,資訊及通訊傳播業,家數,家,249,-
2014,獨資,資訊及通訊傳播業,家數,家,3441,-
2014,本國公司之分公司,資訊及通訊傳播業,家數,家,361,41
2014,外國公司在台之分公司,資訊及通訊傳播業,家數,家,300,49
2014,其他,資訊及通訊傳播業,家數,家,1069,49
2014,總計,金融及保險業,家數,家,15490,2499
2014,股份有限公司,金融及保險業,家數,家,4626,543
2014,有限公司,金融及保險業,家數,家,3909,23
2014,無限公司,金融及保險業,家數,家, ,-
2014,兩合公司,金融及保險業,家數,家, ,-
2014,合夥,金融及保險業,家數,家,139,-
2014,獨資,金融及保險業,家數,家,2103,-
2014,本國公司之分公司,金融及保險業,家數,家,3303,1463
2014,外國公司在台之分公司,金融及保險業,家數,家,221,67
2014,其他,金融及保險業,家數,家,1185,403
2014,總計,不動產業,家數,家,32766,1552
2014,股份有限公司,不動產業,家數,家,9006,1049
2014,有限公司,不動產業,家數,家,16062,354
2014,無限公司,不動產業,家數,家,9,-
2014,兩合公司,不動產業,家數,家, ,-
2014,合夥,不動產業,家數,家,685,-
2014,獨資,不動產業,家數,家,4037,15
2014,本國公司之分公司,不動產業,家數,家,573,20
2014,外國公司在台之分公司,不動產業,家數,家,288,10
2014,其他,不動產業,家數,家,2103,104
2014,總計,專業、科學及技術服務業,家數,家,42932,743
2014,股份有限公司,專業、科學及技術服務業,家數,家,5596,440
2014,有限公司,專業、科學及技術服務業,家數,家,22447,161
2014,無限公司,專業、科學及技術服務業,家數,家,9,0
2014,兩合公司,專業、科學及技術服務業,家數,家,0,0
2014,合夥,專業、科學及技術服務業,家數,家,599,0
2014,獨資,專業、科學及技術服務業,家數,家,13087, 
2014,本國公司之分公司,專業、科學及技術服務業,家數,家,262,21
2014,外國公司在台之分公司,專業、科學及技術服務業,家數,家,408,68
2014,其他,專業、科學及技術服務業,家數,家,524,49
2014,總計,支援服務業,家數,家,28376,481
2014,股份有限公司,支援服務業,家數,家,2580,278
2014,有限公司,支援服務業,家數,家,9871,110
2014,無限公司,支援服務業,家數,家, ,0
2014,兩合公司,支援服務業,家數,家,0,0
2014,合夥,支援服務業,家數,家,475, 
2014,獨資,支援服務業,家數,家,13536, 
2014,本國公司之分公司,支援服務業,家數,家,1238,56
2014,外國公司在台之分公司,支援服務業,家數,家,42,15
2014,其他,支援服務業,家數,家,633,18
2014,總計,教育服務業,家數,家,1852,14
2014,股份有限公司,教育服務業,家數,家,164, 
2014,有限公司,教育服務業,家數,家,533,0
2014,無限公司,教育服務業,家數,家,0,0
2014,兩合公司,教育服務業,家數,家,0,0
2014,合夥,教育服務業,家數,家,17,0
2014,獨資,教育服務業,家數,家,397,0
2014,本國公司之分公司,教育服務業,家數,家,197, 
2014,外國公司在台之分公司,教育服務業,家數,家,8, 
2014,其他,教育服務業,家數,家,536,7
2014,總計,醫療保健及社會工作服務業,家數,家,667,16
2014,股份有限公司,醫療保健及社會工作服務業,家數,家,45,8
2014,有限公司,醫療保健及社會工作服務業,家數,家,80, 
2014,無限公司,醫療保健及社會工作服務業,家數,家,0,0
2014,兩合公司,醫療保健及社會工作服務業,家數,家,0,0
2014,合夥,醫療保健及社會工作服務業,家數,家, ,0
2014,獨資,醫療保健及社會工作服務業,家數,家,395,0
2014,本國公司之分公司,醫療保健及社會工作服務業,家數,家, ,0
2014,外國公司在台之分公司,醫療保健及社會工作服務業,家數,家, ,0
2014,其他,醫療保健及社會工作服務業,家數,家,138,7
2014,總計,藝術、娛樂及休閒服務業,家數,家,26572,113
2014,股份有限公司,藝術、娛樂及休閒服務業,家數,家,588,58
2014,有限公司,藝術、娛樂及休閒服務業,家數,家,2169,7
2014,無限公司,藝術、娛樂及休閒服務業,家數,家,0,0
2014,兩合公司,藝術、娛樂及休閒服務業,家數,家, ,0
2014,合夥,藝術、娛樂及休閒服務業,家數,家,286,0
2014,獨資,藝術、娛樂及休閒服務業,家數,家,22840, 
2014,本國公司之分公司,藝術、娛樂及休閒服務業,家數,家,185,21
2014,外國公司在台之分公司,藝術、娛樂及休閒服務業,家數,家,35, 
2014,其他,藝術、娛樂及休閒服務業,家數,家,467,20
2014,總計,其他服務業,家數,家,78817,186
2014,股份有限公司,其他服務業,家數,家,632,63
2014,有限公司,其他服務業,家數,家,3877,19
2014,無限公司,其他服務業,家數,家,0,0
2014,兩合公司,其他服務業,家數,家,0,0
2014,合夥,其他服務業,家數,家,1225,0
2014,獨資,其他服務業,家數,家,71535,0
2014,本國公司之分公司,其他服務業,家數,家,349,39
2014,外國公司在台之分公司,其他服務業,家數,家,18, 
2014,其他,其他服務業,家數,家,1181,64
2015,總計,農林漁牧業,家數,家,11580,69
2015,股份有限公司,農林漁牧業,家數,家,1139,49
2015,有限公司,農林漁牧業,家數,家,1352,9
2015,無限公司,農林漁牧業,家數,家,0,0
2015,兩合公司,農林漁牧業,家數,家, ,0
2015,合夥,農林漁牧業,家數,家,681,0
2015,獨資,農林漁牧業,家數,家,8142,0
2015,本國公司之分公司,農林漁牧業,家數,家, , 
2015,外國公司在台之分公司,農林漁牧業,家數,家,33, 
2015,其他,農林漁牧業,家數,家,226,9
2015,總計,礦業及土石採取業,家數,家,1130,27
2015,股份有限公司,礦業及土石採取業,家數,家,306,27
2015,有限公司,礦業及土石採取業,家數,家,450,0
2015,無限公司,礦業及土石採取業,家數,家,0,0
2015,兩合公司,礦業及土石採取業,家數,家,0,0
2015,合夥,礦業及土石採取業,家數,家,55,0
2015,獨資,礦業及土石採取業,家數,家,280,0
2015,本國公司之分公司,礦業及土石採取業,家數,家, ,0
2015,外國公司在台之分公司,礦業及土石採取業,家數,家,10,0
2015,其他,礦業及土石採取業,家數,家,28,0
2015,總計,製造業,家數,家,143118,5682
2015,股份有限公司,製造業,家數,家,29442,5484
2015,有限公司,製造業,家數,家,60143,166
2015,無限公司,製造業,家數,家,9,0
2015,兩合公司,製造業,家數,家, ,0
2015,合夥,製造業,家數,家,3397,0
2015,獨資,製造業,家數,家,48003, 
2015,本國公司之分公司,製造業,家數,家,294,14
2015,外國公司在台之分公司,製造業,家數,家,789,0
2015,其他,製造業,家數,家,1040,16
2015,總計,電力及燃氣供應業,家數,家,658,132
2015,股份有限公司,電力及燃氣供應業,家數,家,167,76
2015,有限公司,電力及燃氣供應業,家數,家,330,8
2015,無限公司,電力及燃氣供應業,家數,家,0,0
2015,兩合公司,電力及燃氣供應業,家數,家,0,0
2015,合夥,電力及燃氣供應業,家數,家,10,0
2015,獨資,電力及燃氣供應業,家數,家,99, 
2015,本國公司之分公司,電力及燃氣供應業,家數,家,0,0
2015,外國公司在台之分公司,電力及燃氣供應業,家數,家,9,10
2015,其他,電力及燃氣供應業,家數,家,43,37
2015,總計,用水供應及污染整治業,家數,家,7237,290
2015,股份有限公司,用水供應及污染整治業,家數,家,550,129
2015,有限公司,用水供應及污染整治業,家數,家,3003,87
2015,無限公司,用水供應及污染整治業,家數,家, ,0
2015,兩合公司,用水供應及污染整治業,家數,家,0,0
2015,合夥,用水供應及污染整治業,家數,家,121,0
2015,獨資,用水供應及污染整治業,家數,家,3421, 
2015,本國公司之分公司,用水供應及污染整治業,家數,家,8, 
2015,外國公司在台之分公司,用水供應及污染整治業,家數,家,35,7
2015,其他,用水供應及污染整治業,家數,家,98,65
2015,總計,營造業,家數,家,117000,1230
2015,股份有限公司,營造業,家數,家,5782,891
2015,有限公司,營造業,家數,家,51289,305
2015,無限公司,營造業,家數,家,13,0
2015,兩合公司,營造業,家數,家, ,0
2015,合夥,營造業,家數,家,3341,0
2015,獨資,營造業,家數,家,55973, 
2015,本國公司之分公司,營造業,家數,家,104,18
2015,外國公司在台之分公司,營造業,家數,家,168,0
2015,其他,營造業,家數,家,328,11
2015,總計,批發及零售業,家數,家,676791,17266
2015,股份有限公司,批發及零售業,家數,家,44505,7563
2015,有限公司,批發及零售業,家數,家,210931,5989
2015,無限公司,批發及零售業,家數,家,46,0
2015,兩合公司,批發及零售業,家數,家,11,0
2015,合夥,批發及零售業,家數,家,11318,74
2015,獨資,批發及零售業,家數,家,367614,103
2015,本國公司之分公司,批發及零售業,家數,家,2166,490
2015,外國公司在台之分公司,批發及零售業,家數,家,21917,1566
2015,其他,批發及零售業,家數,家,18283,1481
2015,總計,運輸及倉儲業,家數,家,30636,1146
2015,股份有限公司,運輸及倉儲業,家數,家,4153,583
2015,有限公司,運輸及倉儲業,家數,家,9615,251
2015,無限公司,運輸及倉儲業,家數,家, ,0
2015,兩合公司,運輸及倉儲業,家數,家, ,0
2015,合夥,運輸及倉儲業,家數,家,713, 
2015,獨資,運輸及倉儲業,家數,家,11614,0
2015,本國公司之分公司,運輸及倉儲業,家數,家,51,52
2015,外國公司在台之分公司,運輸及倉儲業,家數,家,803,78
2015,其他,運輸及倉儲業,家數,家,3684,180
2015,總計,住宿及餐飲業,家數,家,143177,515
2015,股份有限公司,住宿及餐飲業,家數,家,2208,255
2015,有限公司,住宿及餐飲業,家數,家,6342,83
2015,無限公司,住宿及餐飲業,家數,家, ,0
2015,兩合公司,住宿及餐飲業,家數,家, ,0
2015,合夥,住宿及餐飲業,家數,家,4088,8
2015,獨資,住宿及餐飲業,家數,家,125046, 
2015,本國公司之分公司,住宿及餐飲業,家數,家,75, 
2015,外國公司在台之分公司,住宿及餐飲業,家數,家,3158,124
2015,其他,住宿及餐飲業,家數,家,2255,38
2015,總計,資訊及通訊傳播業,家數,家,18937,757
2015,股份有限公司,資訊及通訊傳播業,家數,家,4624,535
2015,有限公司,資訊及通訊傳播業,家數,家,8884,71
2015,無限公司,資訊及通訊傳播業,家數,家, ,0
2015,兩合公司,資訊及通訊傳播業,家數,家, ,0
2015,合夥,資訊及通訊傳播業,家數,家,262,0
2015,獨資,資訊及通訊傳播業,家數,家,3385, 
2015,本國公司之分公司,資訊及通訊傳播業,家數,家,325,53
2015,外國公司在台之分公司,資訊及通訊傳播業,家數,家,324,46
2015,其他,資訊及通訊傳播業,家數,家,1131,51
2015,總計,金融及保險業,家數,家,16107,2543
2015,股份有限公司,金融及保險業,家數,家,4767,528
2015,有限公司,金融及保險業,家數,家,4378,22
2015,無限公司,金融及保險業,家數,家, ,0
2015,兩合公司,金融及保險業,家數,家, ,0
2015,合夥,金融及保險業,家數,家,141,0
2015,獨資,金融及保險業,家數,家,2087,0
2015,本國公司之分公司,金融及保險業,家數,家,252,66
2015,外國公司在台之分公司,金融及保險業,家數,家,3300,1520
2015,其他,金融及保險業,家數,家,1175,407
2015,總計,不動產業,家數,家,34614,1500
2015,股份有限公司,不動產業,家數,家,9536,1014
2015,有限公司,不動產業,家數,家,17174,355
2015,無限公司,不動產業,家數,家,6,0
2015,兩合公司,不動產業,家數,家, ,0
2015,合夥,不動產業,家數,家,707,0
2015,獨資,不動產業,家數,家,4047,23
2015,本國公司之分公司,不動產業,家數,家,360, 
2015,外國公司在台之分公司,不動產業,家數,家,588,23
2015,其他,不動產業,家數,家,2194,80
2015,總計,專業、科學及技術服務業,家數,家,44796,749
2015,股份有限公司,專業、科學及技術服務業,家數,家,5939,443
2015,有限公司,專業、科學及技術服務業,家數,家,23643,154
2015,無限公司,專業、科學及技術服務業,家數,家,9,0
2015,兩合公司,專業、科學及技術服務業,家數,家,0,0
2015,合夥,專業、科學及技術服務業,家數,家,626,0
2015,獨資,專業、科學及技術服務業,家數,家,13340, 
2015,本國公司之分公司,專業、科學及技術服務業,家數,家,430,74
2015,外國公司在台之分公司,專業、科學及技術服務業,家數,家,264,22
2015,其他,專業、科學及技術服務業,家數,家,545,54
2015,總計,支援服務業,家數,家,29184,508
2015,股份有限公司,支援服務業,家數,家,2681,300
2015,有限公司,支援服務業,家數,家,10537,113
2015,無限公司,支援服務業,家數,家,0,0
2015,兩合公司,支援服務業,家數,家,0,0
2015,合夥,支援服務業,家數,家,506, 
2015,獨資,支援服務業,家數,家,13426, 
2015,本國公司之分公司,支援服務業,家數,家,52,16
2015,外國公司在台之分公司,支援服務業,家數,家,1283,58
2015,其他,支援服務業,家數,家,699,19
2015,總計,教育服務業,家數,家,2098,14
2015,股份有限公司,教育服務業,家數,家,195, 
2015,有限公司,教育服務業,家數,家,609,0
2015,無限公司,教育服務業,家數,家,0,0
2015,兩合公司,教育服務業,家數,家,0,0
2015,合夥,教育服務業,家數,家,22,0
2015,獨資,教育服務業,家數,家,452,0
2015,本國公司之分公司,教育服務業,家數,家,12, 
2015,外國公司在台之分公司,教育服務業,家數,家,195, 
2015,其他,教育服務業,家數,家,613,6
2015,總計,醫療保健及社會工作服務業,家數,家,731,14
2015,股份有限公司,醫療保健及社會工作服務業,家數,家,42,8
2015,有限公司,醫療保健及社會工作服務業,家數,家,89, 
2015,無限公司,醫療保健及社會工作服務業,家數,家,0,0
2015,兩合公司,醫療保健及社會工作服務業,家數,家,0,0
2015,合夥,醫療保健及社會工作服務業,家數,家,7,0
2015,獨資,醫療保健及社會工作服務業,家數,家,440,0
2015,本國公司之分公司,醫療保健及社會工作服務業,家數,家, ,0
2015,外國公司在台之分公司,醫療保健及社會工作服務業,家數,家, ,0
2015,其他,醫療保健及社會工作服務業,家數,家,145, 
2015,總計,藝術、娛樂及休閒服務業,家數,家,25304,121
2015,股份有限公司,藝術、娛樂及休閒服務業,家數,家,622,57
2015,有限公司,藝術、娛樂及休閒服務業,家數,家,2454,8
2015,無限公司,藝術、娛樂及休閒服務業,家數,家, ,0
2015,兩合公司,藝術、娛樂及休閒服務業,家數,家, ,0
2015,合夥,藝術、娛樂及休閒服務業,家數,家,304, 
2015,獨資,藝術、娛樂及休閒服務業,家數,家,21164, 
2015,本國公司之分公司,藝術、娛樂及休閒服務業,家數,家,39,8
2015,外國公司在台之分公司,藝術、娛樂及休閒服務業,家數,家,199,26
2015,其他,藝術、娛樂及休閒服務業,家數,家,519,19
2015,總計,其他服務業,家數,家,80883,194
2015,股份有限公司,其他服務業,家數,家,663,67
2015,有限公司,其他服務業,家數,家,4107,15
2015,無限公司,其他服務業,家數,家,0,0
2015,兩合公司,其他服務業,家數,家,0,0
2015,合夥,其他服務業,家數,家,1336,0
2015,獨資,其他服務業,家數,家,73179,0
2015,本國公司之分公司,其他服務業,家數,家,18, 
2015,外國公司在台之分公司,其他服務業,家數,家,353,43
2015,其他,其他服務業,家數,家,1227,67
2016,總計,農林漁牧業,家數,家,11446,66
2016,股份有限公司,農林漁牧業,家數,家,1207,46
2016,有限公司,農林漁牧業,家數,家,1463,12
2016,無限公司,農林漁牧業,家數,家,0,0
2016,兩合公司,農林漁牧業,家數,家, ,0
2016,合夥,農林漁牧業,家數,家,584,0
2016,獨資,農林漁牧業,家數,家,7903,0
2016,本國公司之分公司,農林漁牧業,家數,家,34,0
2016,外國公司在台之分公司,農林漁牧業,家數,家,7, 
2016,其他,農林漁牧業,家數,家,245,7
2016,總計,礦業及土石採取業,家數,家,1103,31
2016,股份有限公司,礦業及土石採取業,家數,家,295,30
2016,有限公司,礦業及土石採取業,家數,家,448, 
2016,無限公司,礦業及土石採取業,家數,家,0,0
2016,兩合公司,礦業及土石採取業,家數,家,0,0
2016,合夥,礦業及土石採取業,家數,家,54,0
2016,獨資,礦業及土石採取業,家數,家,267,0
2016,本國公司之分公司,礦業及土石採取業,家數,家,10,0
2016,外國公司在台之分公司,礦業及土石採取業,家數,家, ,0
2016,其他,礦業及土石採取業,家數,家,28,0
2016,總計,製造業,家數,家,143184,5787
2016,股份有限公司,製造業,家數,家,29360,5582
2016,有限公司,製造業,家數,家,61106,170
2016,無限公司,製造業,家數,家, ,0
2016,兩合公司,製造業,家數,家, ,0
2016,合夥,製造業,家數,家,3466,0
2016,獨資,製造業,家數,家,47093, 
2016,本國公司之分公司,製造業,家數,家,775,0
2016,外國公司在台之分公司,製造業,家數,家,329,17
2016,其他,製造業,家數,家,1048,16
2016,總計,電力及燃氣供應業,家數,家,839,134
2016,股份有限公司,電力及燃氣供應業,家數,家,201,77
2016,有限公司,電力及燃氣供應業,家數,家,467,8
2016,無限公司,電力及燃氣供應業,家數,家,0,0
2016,兩合公司,電力及燃氣供應業,家數,家,0,0
2016,合夥,電力及燃氣供應業,家數,家,10,0
2016,獨資,電力及燃氣供應業,家數,家,108, 
2016,本國公司之分公司,電力及燃氣供應業,家數,家,10,9
2016,外國公司在台之分公司,電力及燃氣供應業,家數,家,0,0
2016,其他,電力及燃氣供應業,家數,家,43,39
2016,總計,用水供應及污染整治業,家數,家,7250,295
2016,股份有限公司,用水供應及污染整治業,家數,家,568,130
2016,有限公司,用水供應及污染整治業,家數,家,3025,87
2016,無限公司,用水供應及污染整治業,家數,家, ,0
2016,兩合公司,用水供應及污染整治業,家數,家,0,0
2016,合夥,用水供應及污染整治業,家數,家,118, 
2016,獨資,用水供應及污染整治業,家數,家,3391,0
2016,本國公司之分公司,用水供應及污染整治業,家數,家,43,6
2016,外國公司在台之分公司,用水供應及污染整治業,家數,家,9, 
2016,其他,用水供應及污染整治業,家數,家,95,70
2016,總計,營建工程業,家數,家,120828,1216
2016,股份有限公司,營建工程業,家數,家,5829,878
2016,有限公司,營建工程業,家數,家,53543,302
2016,無限公司,營建工程業,家數,家,13,0
2016,兩合公司,營建工程業,家數,家, ,0
2016,合夥,營建工程業,家數,家,3437,0
2016,獨資,營建工程業,家數,家,57403, 
2016,本國公司之分公司,營建工程業,家數,家,177,0
2016,外國公司在台之分公司,營建工程業,家數,家,113,19
2016,其他,營建工程業,家數,家,312,12
2016,總計,批發及零售業,家數,家,682218,17111
2016,股份有限公司,批發及零售業,家數,家,45112,7491
2016,有限公司,批發及零售業,家數,家,216891,5785
2016,無限公司,批發及零售業,家數,家,50,0
2016,兩合公司,批發及零售業,家數,家,10,0
2016,合夥,批發及零售業,家數,家,11671,78
2016,獨資,批發及零售業,家數,家,365942,95
2016,本國公司之分公司,批發及零售業,家數,家,21873,1648
2016,外國公司在台之分公司,批發及零售業,家數,家,2253,523
2016,其他,批發及零售業,家數,家,18416,1491
2016,總計,運輸及倉儲業,家數,家,31266,1105
2016,股份有限公司,運輸及倉儲業,家數,家,4197,579
2016,有限公司,運輸及倉儲業,家數,家,9767,209
2016,無限公司,運輸及倉儲業,家數,家, ,0
2016,兩合公司,運輸及倉儲業,家數,家, ,0
2016,合夥,運輸及倉儲業,家數,家,737, 
2016,獨資,運輸及倉儲業,家數,家,11609,0
2016,本國公司之分公司,運輸及倉儲業,家數,家,808,71
2016,外國公司在台之分公司,運輸及倉儲業,家數,家,64,52
2016,其他,運輸及倉儲業,家數,家,4082,191
2016,總計,住宿及餐飲業,家數,家,150893,547
2016,股份有限公司,住宿及餐飲業,家數,家,2429,270
2016,有限公司,住宿及餐飲業,家數,家,7369,86
2016,無限公司,住宿及餐飲業,家數,家, ,0
2016,兩合公司,住宿及餐飲業,家數,家, ,0
2016,合夥,住宿及餐飲業,家數,家,4730,8
2016,獨資,住宿及餐飲業,家數,家,130166, 
2016,本國公司之分公司,住宿及餐飲業,家數,家,3396,138
2016,外國公司在台之分公司,住宿及餐飲業,家數,家,83,6
2016,其他,住宿及餐飲業,家數,家,2715,38
2016,總計,出版、影音製作、傳播及資通訊服務業,家數,家,19642,774
2016,股份有限公司,出版、影音製作、傳播及資通訊服務業,家數,家,4885,546
2016,有限公司,出版、影音製作、傳播及資通訊服務業,家數,家,9541,71
2016,無限公司,出版、影音製作、傳播及資通訊服務業,家數,家, ,0
2016,兩合公司,出版、影音製作、傳播及資通訊服務業,家數,家, ,0
2016,合夥,出版、影音製作、傳播及資通訊服務業,家數,家,247,0
2016,獨資,出版、影音製作、傳播及資通訊服務業,家數,家,3372, 
2016,本國公司之分公司,出版、影音製作、傳播及資通訊服務業,家數,家,314,49
2016,外國公司在台之分公司,出版、影音製作、傳播及資通訊服務業,家數,家,361,56
2016,其他,出版、影音製作、傳播及資通訊服務業,家數,家,917,51
2016,總計,金融及保險業,家數,家,16850,2478
2016,股份有限公司,金融及保險業,家數,家,4981,541
2016,有限公司,金融及保險業,家數,家,4811,22
2016,無限公司,金融及保險業,家數,家, ,0
2016,兩合公司,金融及保險業,家數,家, ,0
2016,合夥,金融及保險業,家數,家,143,0
2016,獨資,金融及保險業,家數,家,2085,0
2016,本國公司之分公司,金融及保險業,家數,家,3363,1449
2016,外國公司在台之分公司,金融及保險業,家數,家,267,67
2016,其他,金融及保險業,家數,家,1194,399
2016,總計,不動產業,家數,家,35157,1446
2016,股份有限公司,不動產業,家數,家,9821,962
2016,有限公司,不動產業,家數,家,17433,345
2016,無限公司,不動產業,家數,家,8,0
2016,兩合公司,不動產業,家數,家, ,0
2016,合夥,不動產業,家數,家,693, 
2016,獨資,不動產業,家數,家,3935,17
2016,本國公司之分公司,不動產業,家數,家,534,22
2016,外國公司在台之分公司,不動產業,家數,家,380,8
2016,其他,不動產業,家數,家,2351,89
2016,總計,專業、科學及技術服務業,家數,家,46523,762
2016,股份有限公司,專業、科學及技術服務業,家數,家,6259,461
2016,有限公司,專業、科學及技術服務業,家數,家,24774,136
2016,無限公司,專業、科學及技術服務業,家數,家,8,0
2016,兩合公司,專業、科學及技術服務業,家數,家, ,0
2016,合夥,專業、科學及技術服務業,家數,家,654, 
2016,獨資,專業、科學及技術服務業,家數,家,13536, 
2016,本國公司之分公司,專業、科學及技術服務業,家數,家,269,22
2016,外國公司在台之分公司,專業、科學及技術服務業,家數,家,451,81
2016,其他,專業、科學及技術服務業,家數,家,571,58
2016,總計,支援服務業,家數,家,30126,525
2016,股份有限公司,支援服務業,家數,家,2767,310
2016,有限公司,支援服務業,家數,家,11211,123
2016,無限公司,支援服務業,家數,家, ,0
2016,兩合公司,支援服務業,家數,家,0,0
2016,合夥,支援服務業,家數,家,524, 
2016,獨資,支援服務業,家數,家,13511,0
2016,本國公司之分公司,支援服務業,家數,家,1312,57
2016,外國公司在台之分公司,支援服務業,家數,家,58,16
2016,其他,支援服務業,家數,家,742,18
2016,總計,教育業,家數,家,2417,16
2016,股份有限公司,教育業,家數,家,204, 
2016,有限公司,教育業,家數,家,742, 
2016,無限公司,教育業,家數,家,0,0
2016,兩合公司,教育業,家數,家,0,0
2016,合夥,教育業,家數,家,31,0
2016,獨資,教育業,家數,家,516,0
2016,本國公司之分公司,教育業,家數,家,187, 
2016,外國公司在台之分公司,教育業,家數,家,12, 
2016,其他,教育業,家數,家,725,6
2016,總計,醫療保健及社會工作服務業,家數,家,766,19
2016,股份有限公司,醫療保健及社會工作服務業,家數,家,47,9
2016,有限公司,醫療保健及社會工作服務業,家數,家,90, 
2016,無限公司,醫療保健及社會工作服務業,家數,家,0,0
2016,兩合公司,醫療保健及社會工作服務業,家數,家,0,0
2016,合夥,醫療保健及社會工作服務業,家數,家,7,0
2016,獨資,醫療保健及社會工作服務業,家數,家,474,0
2016,本國公司之分公司,醫療保健及社會工作服務業,家數,家, ,0
2016,外國公司在台之分公司,醫療保健及社會工作服務業,家數,家, , 
2016,其他,醫療保健及社會工作服務業,家數,家,144,7
2016,總計,藝術、娛樂及休閒服務業,家數,家,25464,130
2016,股份有限公司,藝術、娛樂及休閒服務業,家數,家,680,62
2016,有限公司,藝術、娛樂及休閒服務業,家數,家,2719, 
2016,無限公司,藝術、娛樂及休閒服務業,家數,家, ,0
2016,兩合公司,藝術、娛樂及休閒服務業,家數,家, ,0
2016,合夥,藝術、娛樂及休閒服務業,家數,家,337,0
2016,獨資,藝術、娛樂及休閒服務業,家數,家,20864, 
2016,本國公司之分公司,藝術、娛樂及休閒服務業,家數,家,229,29
2016,外國公司在台之分公司,藝術、娛樂及休閒服務業,家數,家,39,12
2016,其他,藝術、娛樂及休閒服務業,家數,家,592,20
2016,總計,其他服務業,家數,家,82407,203
2016,股份有限公司,其他服務業,家數,家,678,71
2016,有限公司,其他服務業,家數,家,4319,18
2016,無限公司,其他服務業,家數,家,0,0
2016,兩合公司,其他服務業,家數,家,0,0
2016,合夥,其他服務業,家數,家,1435,0
2016,獨資,其他服務業,家數,家,74264, 
2016,本國公司之分公司,其他服務業,家數,家,357,42
2016,外國公司在台之分公司,其他服務業,家數,家,21, 
2016,其他,其他服務業,家數,家,1333,67
2017,總計,農林漁牧業,家數,家,11899,73
2017,股份有限公司,農林漁牧業,家數,家,1181,51
2017,有限公司,農林漁牧業,家數,家,1573,11
2017,無限公司,農林漁牧業,家數,家,0,0
2017,兩合公司,農林漁牧業,家數,家, ,0
2017,合夥,農林漁牧業,家數,家,594,0
2017,獨資,農林漁牧業,家數,家,8259, 
2017,本國公司之分公司,農林漁牧業,家數,家,35,0
2017,外國公司在台之分公司,農林漁牧業,家數,家,8, 
2017,其他,農林漁牧業,家數,家,247,9
2017,總計,礦業及土石採取業,家數,家,1079,29
2017,股份有限公司,礦業及土石採取業,家數,家,287,28
2017,有限公司,礦業及土石採取業,家數,家,439, 
2017,無限公司,礦業及土石採取業,家數,家, ,0
2017,兩合公司,礦業及土石採取業,家數,家,0,0
2017,合夥,礦業及土石採取業,家數,家,53,0
2017,獨資,礦業及土石採取業,家數,家,259,0
2017,本國公司之分公司,礦業及土石採取業,家數,家,10,0
2017,外國公司在台之分公司,礦業及土石採取業,家數,家, ,0
2017,其他,礦業及土石採取業,家數,家,28,0
2017,總計,製造業,家數,家,143429,5893
2017,股份有限公司,製造業,家數,家,29340,5673
2017,有限公司,製造業,家數,家,62078,183
2017,無限公司,製造業,家數,家,8,0
2017,兩合公司,製造業,家數,家,0,0
2017,合夥,製造業,家數,家,3578,0
2017,獨資,製造業,家數,家,46233, 
2017,本國公司之分公司,製造業,家數,家,771,0
2017,外國公司在台之分公司,製造業,家數,家,352,18
2017,其他,製造業,家數,家,1069,17
2017,總計,電力及燃氣供應業,家數,家,1055,140
2017,股份有限公司,電力及燃氣供應業,家數,家,252,84
2017,有限公司,電力及燃氣供應業,家數,家,612,8
2017,無限公司,電力及燃氣供應業,家數,家,0,0
2017,兩合公司,電力及燃氣供應業,家數,家, ,0
2017,合夥,電力及燃氣供應業,家數,家,15,0
2017,獨資,電力及燃氣供應業,家數,家,119, 
2017,本國公司之分公司,電力及燃氣供應業,家數,家,10,10
2017,外國公司在台之分公司,電力及燃氣供應業,家數,家,0,0
2017,其他,電力及燃氣供應業,家數,家,46,37
2017,總計,用水供應及污染整治業,家數,家,7268,335
2017,股份有限公司,用水供應及污染整治業,家數,家,560,137
2017,有限公司,用水供應及污染整治業,家數,家,3088,113
2017,無限公司,用水供應及污染整治業,家數,家, ,0
2017,兩合公司,用水供應及污染整治業,家數,家,0,0
2017,合夥,用水供應及污染整治業,家數,家,121, 
2017,獨資,用水供應及污染整治業,家數,家,3352, 
2017,本國公司之分公司,用水供應及污染整治業,家數,家,41,9
2017,外國公司在台之分公司,用水供應及污染整治業,家數,家,9, 
2017,其他,用水供應及污染整治業,家數,家,96,72
2017,總計,營建工程業,家數,家,124897,1234
2017,股份有限公司,營建工程業,家數,家,5994,894
2017,有限公司,營建工程業,家數,家,55960,305
2017,無限公司,營建工程業,家數,家,8,0
2017,兩合公司,營建工程業,家數,家, ,0
2017,合夥,營建工程業,家數,家,3536,0
2017,獨資,營建工程業,家數,家,58824, 
2017,本國公司之分公司,營建工程業,家數,家,155,0
2017,外國公司在台之分公司,營建工程業,家數,家,106,18
2017,其他,營建工程業,家數,家,313,12
2017,總計,批發及零售業,家數,家,689038,17746
2017,股份有限公司,批發及零售業,家數,家,45474,7638
2017,有限公司,批發及零售業,家數,家,222734,6088
2017,無限公司,批發及零售業,家數,家,52,0
2017,兩合公司,批發及零售業,家數,家,7,0
2017,合夥,批發及零售業,家數,家,11997,88
2017,獨資,批發及零售業,家數,家,366405,102
2017,本國公司之分公司,批發及零售業,家數,家,21725,1691
2017,外國公司在台之分公司,批發及零售業,家數,家,2282,527
2017,其他,批發及零售業,家數,家,18362,1612
2017,總計,運輸及倉儲業,家數,家,31979,1132
2017,股份有限公司,運輸及倉儲業,家數,家,4228,603
2017,有限公司,運輸及倉儲業,家數,家,9951,203
2017,無限公司,運輸及倉儲業,家數,家, ,0
2017,兩合公司,運輸及倉儲業,家數,家, ,0
2017,合夥,運輸及倉儲業,家數,家,745, 
2017,獨資,運輸及倉儲業,家數,家,11553,0
2017,本國公司之分公司,運輸及倉儲業,家數,家,775,68
2017,外國公司在台之分公司,運輸及倉儲業,家數,家,55,52
2017,其他,運輸及倉儲業,家數,家,4669,203
2017,總計,住宿及餐飲業,家數,家,157388,581
2017,股份有限公司,住宿及餐飲業,家數,家,2665,275
2017,有限公司,住宿及餐飲業,家數,家,8271,88
2017,無限公司,住宿及餐飲業,家數,家, ,0
2017,兩合公司,住宿及餐飲業,家數,家,0,0
2017,合夥,住宿及餐飲業,家數,家,5086,9
2017,獨資,住宿及餐飲業,家數,家,134842, 
2017,本國公司之分公司,住宿及餐飲業,家數,家,3460,159
2017,外國公司在台之分公司,住宿及餐飲業,家數,家,85,7
2017,其他,住宿及餐飲業,家數,家,2974,42
2017,總計,出版、影音製作、傳播及資通訊服務業,家數,家,20808,804
2017,股份有限公司,出版、影音製作、傳播及資通訊服務業,家數,家,5178,565
2017,有限公司,出版、影音製作、傳播及資通訊服務業,家數,家,10340,78
2017,無限公司,出版、影音製作、傳播及資通訊服務業,家數,家, ,0
2017,兩合公司,出版、影音製作、傳播及資通訊服務業,家數,家, ,0
2017,合夥,出版、影音製作、傳播及資通訊服務業,家數,家,244,0
2017,獨資,出版、影音製作、傳播及資通訊服務業,家數,家,3383,0
2017,本國公司之分公司,出版、影音製作、傳播及資通訊服務業,家數,家,306,50
2017,外國公司在台之分公司,出版、影音製作、傳播及資通訊服務業,家數,家,397,60
2017,其他,出版、影音製作、傳播及資通訊服務業,家數,家,954,51
2017,總計,金融及保險業,家數,家,17372,2559
2017,股份有限公司,金融及保險業,家數,家,5176,545
2017,有限公司,金融及保險業,家數,家,5293,24
2017,無限公司,金融及保險業,家數,家, ,0
2017,兩合公司,金融及保險業,家數,家, ,0
2017,合夥,金融及保險業,家數,家,145,0
2017,獨資,金融及保險業,家數,家,2076,0
2017,本國公司之分公司,金融及保險業,家數,家,3202,1520
2017,外國公司在台之分公司,金融及保險業,家數,家,275,68
2017,其他,金融及保險業,家數,家,1201,402
2017,總計,不動產業,家數,家,35973,1542
2017,股份有限公司,不動產業,家數,家,10087,1072
2017,有限公司,不動產業,家數,家,18050,337
2017,無限公司,不動產業,家數,家,6,0
2017,兩合公司,不動產業,家數,家, ,0
2017,合夥,不動產業,家數,家,689, 
2017,獨資,不動產業,家數,家,3894,9
2017,本國公司之分公司,不動產業,家數,家,409,23
2017,外國公司在台之分公司,不動產業,家數,家,396,6
2017,其他,不動產業,家數,家,2439,93
2017,總計,專業、科學及技術服務業,家數,家,48397,808
2017,股份有限公司,專業、科學及技術服務業,家數,家,6537,488
2017,有限公司,專業、科學及技術服務業,家數,家,25986,159
2017,無限公司,專業、科學及技術服務業,家數,家,10,0
2017,兩合公司,專業、科學及技術服務業,家數,家, ,0
2017,合夥,專業、科學及技術服務業,家數,家,663,0
2017,獨資,專業、科學及技術服務業,家數,家,13856, 
2017,本國公司之分公司,專業、科學及技術服務業,家數,家,253,23
2017,外國公司在台之分公司,專業、科學及技術服務業,家數,家,467,76
2017,其他,專業、科學及技術服務業,家數,家,624,59
2017,總計,支援服務業,家數,家,31097,547
2017,股份有限公司,支援服務業,家數,家,2849,333
2017,有限公司,支援服務業,家數,家,11856,126
2017,無限公司,支援服務業,家數,家, ,0
2017,兩合公司,支援服務業,家數,家,0,0
2017,合夥,支援服務業,家數,家,536, 
2017,獨資,支援服務業,家數,家,13700, 
2017,本國公司之分公司,支援服務業,家數,家,1323,56
2017,外國公司在台之分公司,支援服務業,家數,家,64,15
2017,其他,支援服務業,家數,家,768,14
2017,總計,教育業,家數,家,2780,17
2017,股份有限公司,教育業,家數,家,240, 
2017,有限公司,教育業,家數,家,888, 
2017,無限公司,教育業,家數,家, ,0
2017,兩合公司,教育業,家數,家,0,0
2017,合夥,教育業,家數,家,32,0
2017,獨資,教育業,家數,家,621,0
2017,本國公司之分公司,教育業,家數,家,179, 
2017,外國公司在台之分公司,教育業,家數,家,10, 
2017,其他,教育業,家數,家,809,6
2017,總計,醫療保健及社會工作服務業,家數,家,1007,20
2017,股份有限公司,醫療保健及社會工作服務業,家數,家,51,8
2017,有限公司,醫療保健及社會工作服務業,家數,家,97, 
2017,無限公司,醫療保健及社會工作服務業,家數,家,0,0
2017,兩合公司,醫療保健及社會工作服務業,家數,家,0,0
2017,合夥,醫療保健及社會工作服務業,家數,家,36,0
2017,獨資,醫療保健及社會工作服務業,家數,家,602, 
2017,本國公司之分公司,醫療保健及社會工作服務業,家數,家, ,0
2017,外國公司在台之分公司,醫療保健及社會工作服務業,家數,家, ,0
2017,其他,醫療保健及社會工作服務業,家數,家,215,9
2017,總計,藝術、娛樂及休閒服務業,家數,家,27733,158
2017,股份有限公司,藝術、娛樂及休閒服務業,家數,家,738,67
2017,有限公司,藝術、娛樂及休閒服務業,家數,家,2996,14
2017,無限公司,藝術、娛樂及休閒服務業,家數,家, ,0
2017,兩合公司,藝術、娛樂及休閒服務業,家數,家, ,0
2017,合夥,藝術、娛樂及休閒服務業,家數,家,399,0
2017,獨資,藝術、娛樂及休閒服務業,家數,家,22627, 
2017,本國公司之分公司,藝術、娛樂及休閒服務業,家數,家,248,37
2017,外國公司在台之分公司,藝術、娛樂及休閒服務業,家數,家,50,13
2017,其他,藝術、娛樂及休閒服務業,家數,家,672,25
2017,總計,其他服務業,家數,家,84417,199
2017,股份有限公司,其他服務業,家數,家,701,69
2017,有限公司,其他服務業,家數,家,4582,18
2017,無限公司,其他服務業,家數,家,0,0
2017,兩合公司,其他服務業,家數,家,0,0
2017,合夥,其他服務業,家數,家,1536,0
2017,獨資,其他服務業,家數,家,75865, 
2017,本國公司之分公司,其他服務業,家數,家,350,40
2017,外國公司在台之分公司,其他服務業,家數,家,19, 
2017,其他,其他服務業,家數,家,1364,67
2018,總計,農林漁牧業,家數,家,11288,78
2018,股份有限公司,農林漁牧業,家數,家,1192,57
2018,有限公司,農林漁牧業,家數,家,1623,11
2018,無限公司,農林漁牧業,家數,家,0,0
2018,兩合公司,農林漁牧業,家數,家, ,0
2018,合夥,農林漁牧業,家數,家,475,0
2018,獨資,農林漁牧業,家數,家,7715, 
2018,本國公司之分公司,農林漁牧業,家數,家,32,0
2018,外國公司在台之分公司,農林漁牧業,家數,家,8, 
2018,其他,農林漁牧業,家數,家,241,8
2018,總計,礦業及土石採取業,家數,家,1064,29
2018,股份有限公司,礦業及土石採取業,家數,家,285,28
2018,有限公司,礦業及土石採取業,家數,家,434, 
2018,無限公司,礦業及土石採取業,家數,家,0,0
2018,兩合公司,礦業及土石採取業,家數,家,0,0
2018,合夥,礦業及土石採取業,家數,家,52,0
2018,獨資,礦業及土石採取業,家數,家,255,0
2018,本國公司之分公司,礦業及土石採取業,家數,家,9,0
2018,外國公司在台之分公司,礦業及土石採取業,家數,家, ,0
2018,其他,礦業及土石採取業,家數,家,27,0
2018,總計,製造業,家數,家,143853,5968
2018,股份有限公司,製造業,家數,家,29566,5740
2018,有限公司,製造業,家數,家,62817,188
2018,無限公司,製造業,家數,家,6,0
2018,兩合公司,製造業,家數,家,0,0
2018,合夥,製造業,家數,家,3746,0
2018,獨資,製造業,家數,家,45487, 
2018,本國公司之分公司,製造業,家數,家,792,0
2018,外國公司在台之分公司,製造業,家數,家,372,22
2018,其他,製造業,家數,家,1067,16
2018,總計,電力及燃氣供應業,家數,家,1322,158
2018,股份有限公司,電力及燃氣供應業,家數,家,328,97
2018,有限公司,電力及燃氣供應業,家數,家,746,10
2018,無限公司,電力及燃氣供應業,家數,家,0,0
2018,兩合公司,電力及燃氣供應業,家數,家,0,0
2018,合夥,電力及燃氣供應業,家數,家,18,0
2018,獨資,電力及燃氣供應業,家數,家,171,0
2018,本國公司之分公司,電力及燃氣供應業,家數,家,15,10
2018,外國公司在台之分公司,電力及燃氣供應業,家數,家,0,0
2018,其他,電力及燃氣供應業,家數,家,44,41
2018,總計,用水供應及污染整治業,家數,家,7383,357
2018,股份有限公司,用水供應及污染整治業,家數,家,563,150
2018,有限公司,用水供應及污染整治業,家數,家,3169,123
2018,無限公司,用水供應及污染整治業,家數,家,0,0
2018,兩合公司,用水供應及污染整治業,家數,家,0,0
2018,合夥,用水供應及污染整治業,家數,家,120, 
2018,獨資,用水供應及污染整治業,家數,家,3386,0
2018,本國公司之分公司,用水供應及污染整治業,家數,家,40,10
2018,外國公司在台之分公司,用水供應及污染整治業,家數,家,9, 
2018,其他,用水供應及污染整治業,家數,家,96,70
2018,總計,營建工程業,家數,家,128646,1258
2018,股份有限公司,營建工程業,家數,家,6127,905
2018,有限公司,營建工程業,家數,家,57548,318
2018,無限公司,營建工程業,家數,家,9,0
2018,兩合公司,營建工程業,家數,家, ,0
2018,合夥,營建工程業,家數,家,3730,0
2018,獨資,營建工程業,家數,家,60657, 
2018,本國公司之分公司,營建工程業,家數,家,164,0
2018,外國公司在台之分公司,營建工程業,家數,家,105,18
2018,其他,營建工程業,家數,家,305,12
2018,總計,批發及零售業,家數,家,693019,18515
2018,股份有限公司,批發及零售業,家數,家,45654,7897
2018,有限公司,批發及零售業,家數,家,226907,6389
2018,無限公司,批發及零售業,家數,家,51, 
2018,兩合公司,批發及零售業,家數,家,6,0
2018,合夥,批發及零售業,家數,家,12484,91
2018,獨資,批發及零售業,家數,家,365715,90
2018,本國公司之分公司,批發及零售業,家數,家,21936,1781
2018,外國公司在台之分公司,批發及零售業,家數,家,2355,519
2018,其他,批發及零售業,家數,家,17911,1747
2018,總計,運輸及倉儲業,家數,家,32443,1211
2018,股份有限公司,運輸及倉儲業,家數,家,4233,633
2018,有限公司,運輸及倉儲業,家數,家,10115,238
2018,無限公司,運輸及倉儲業,家數,家, ,0
2018,兩合公司,運輸及倉儲業,家數,家, ,0
2018,合夥,運輸及倉儲業,家數,家,749, 
2018,獨資,運輸及倉儲業,家數,家,11381,0
2018,本國公司之分公司,運輸及倉儲業,家數,家,790,64
2018,外國公司在台之分公司,運輸及倉儲業,家數,家,63,56
2018,其他,運輸及倉儲業,家數,家,5110,215
2018,總計,住宿及餐飲業,家數,家,163617,620
2018,股份有限公司,住宿及餐飲業,家數,家,2832,290
2018,有限公司,住宿及餐飲業,家數,家,8716,94
2018,無限公司,住宿及餐飲業,家數,家, ,0
2018,兩合公司,住宿及餐飲業,家數,家, ,0
2018,合夥,住宿及餐飲業,家數,家,5520,10
2018,獨資,住宿及餐飲業,家數,家,139682, 
2018,本國公司之分公司,住宿及餐飲業,家數,家,3606,172
2018,外國公司在台之分公司,住宿及餐飲業,家數,家,88,9
2018,其他,住宿及餐飲業,家數,家,3168,43
2018,總計,出版、影音製作、傳播及資通訊服務業,家數,家,21982,879
2018,股份有限公司,出版、影音製作、傳播及資通訊服務業,家數,家,5353,601
2018,有限公司,出版、影音製作、傳播及資通訊服務業,家數,家,11100,92
2018,無限公司,出版、影音製作、傳播及資通訊服務業,家數,家, ,0
2018,兩合公司,出版、影音製作、傳播及資通訊服務業,家數,家, ,0
2018,合夥,出版、影音製作、傳播及資通訊服務業,家數,家,255,0
2018,獨資,出版、影音製作、傳播及資通訊服務業,家數,家,3464,0
2018,本國公司之分公司,出版、影音製作、傳播及資通訊服務業,家數,家,295,50
2018,外國公司在台之分公司,出版、影音製作、傳播及資通訊服務業,家數,家,423,67
2018,其他,出版、影音製作、傳播及資通訊服務業,家數,家,1088,69
2018,總計,金融及保險業,家數,家,17964,2702
2018,股份有限公司,金融及保險業,家數,家,5512,563
2018,有限公司,金融及保險業,家數,家,5689,27
2018,無限公司,金融及保險業,家數,家, ,0
2018,兩合公司,金融及保險業,家數,家, ,0
2018,合夥,金融及保險業,家數,家,142,0
2018,獨資,金融及保險業,家數,家,2080,0
2018,本國公司之分公司,金融及保險業,家數,家,3034,1638
2018,外國公司在台之分公司,金融及保險業,家數,家,284,71
2018,其他,金融及保險業,家數,家,1220,403
2018,總計,不動產業,家數,家,37171,1777
2018,股份有限公司,不動產業,家數,家,10319,1201
2018,有限公司,不動產業,家數,家,18952,422
2018,無限公司,不動產業,家數,家,6,0
2018,兩合公司,不動產業,家數,家, ,0
2018,合夥,不動產業,家數,家,712, 
2018,獨資,不動產業,家數,家,3876,22
2018,本國公司之分公司,不動產業,家數,家,383,20
2018,外國公司在台之分公司,不動產業,家數,家,388,11
2018,其他,不動產業,家數,家,2532,100
2018,總計,專業、科學及技術服務業,家數,家,50554,885
2018,股份有限公司,專業、科學及技術服務業,家數,家,6821,535
2018,有限公司,專業、科學及技術服務業,家數,家,27436,176
2018,無限公司,專業、科學及技術服務業,家數,家,10,0
2018,兩合公司,專業、科學及技術服務業,家數,家, ,0
2018,合夥,專業、科學及技術服務業,家數,家,673,0
2018,獨資,專業、科學及技術服務業,家數,家,14161, 
2018,本國公司之分公司,專業、科學及技術服務業,家數,家,262,25
2018,外國公司在台之分公司,專業、科學及技術服務業,家數,家,518,88
2018,其他,專業、科學及技術服務業,家數,家,671,59
2018,總計,支援服務業,家數,家,31999,569
2018,股份有限公司,支援服務業,家數,家,2923,352
2018,有限公司,支援服務業,家數,家,12449,129
2018,無限公司,支援服務業,家數,家, ,0
2018,兩合公司,支援服務業,家數,家,0,0
2018,合夥,支援服務業,家數,家,567, 
2018,獨資,支援服務業,家數,家,13823, 
2018,本國公司之分公司,支援服務業,家數,家,1320,53
2018,外國公司在台之分公司,支援服務業,家數,家,61,17
2018,其他,支援服務業,家數,家,854,16
2018,總計,教育業,家數,家,3798,26
2018,股份有限公司,教育業,家數,家,264, 
2018,有限公司,教育業,家數,家,1023, 
2018,無限公司,教育業,家數,家, ,0
2018,兩合公司,教育業,家數,家,0,0
2018,合夥,教育業,家數,家,50,0
2018,獨資,教育業,家數,家,1233,0
2018,本國公司之分公司,教育業,家數,家,184, 
2018,外國公司在台之分公司,教育業,家數,家,14, 
2018,其他,教育業,家數,家,1029,14
2018,總計,醫療保健及社會工作服務業,家數,家,1090,23
2018,股份有限公司,醫療保健及社會工作服務業,家數,家,56,9
2018,有限公司,醫療保健及社會工作服務業,家數,家,112, 
2018,無限公司,醫療保健及社會工作服務業,家數,家,0,0
2018,兩合公司,醫療保健及社會工作服務業,家數,家,0,0
2018,合夥,醫療保健及社會工作服務業,家數,家,56,0
2018,獨資,醫療保健及社會工作服務業,家數,家,660, 
2018,本國公司之分公司,醫療保健及社會工作服務業,家數,家, ,0
2018,外國公司在台之分公司,醫療保健及社會工作服務業,家數,家, , 
2018,其他,醫療保健及社會工作服務業,家數,家,198,10
2018,總計,藝術、娛樂及休閒服務業,家數,家,32742,167
2018,股份有限公司,藝術、娛樂及休閒服務業,家數,家,816,69
2018,有限公司,藝術、娛樂及休閒服務業,家數,家,3325,12
2018,無限公司,藝術、娛樂及休閒服務業,家數,家, ,0
2018,兩合公司,藝術、娛樂及休閒服務業,家數,家, ,0
2018,合夥,藝術、娛樂及休閒服務業,家數,家,523,0
2018,獨資,藝術、娛樂及休閒服務業,家數,家,26945, 
2018,本國公司之分公司,藝術、娛樂及休閒服務業,家數,家,278,39
2018,外國公司在台之分公司,藝術、娛樂及休閒服務業,家數,家,61,24
2018,其他,藝術、娛樂及休閒服務業,家數,家,792,21
2018,總計,其他服務業,家數,家,86274,211
2018,股份有限公司,其他服務業,家數,家,700,65
2018,有限公司,其他服務業,家數,家,4786,21
2018,無限公司,其他服務業,家數,家,0,0
2018,兩合公司,其他服務業,家數,家,0,0
2018,合夥,其他服務業,家數,家,1651,0
2018,獨資,其他服務業,家數,家,77377, 
2018,本國公司之分公司,其他服務業,家數,家,330,39
2018,外國公司在台之分公司,其他服務業,家數,家,20, 
2018,其他,其他服務業,家數,家,1410,82
2019,總計,農林漁牧業,家數,家,11328,81
2019,股份有限公司,農林漁牧業,家數,家,1186,61
2019,有限公司,農林漁牧業,家數,家,1622,10
2019,無限公司,農林漁牧業,家數,家,0,0
2019,兩合公司,農林漁牧業,家數,家, ,0
2019,合夥,農林漁牧業,家數,家,458,0
2019,獨資,農林漁牧業,家數,家,7861, 
2019,本國公司之分公司,農林漁牧業,家數,家,29,0
2019,外國公司在台之分公司,農林漁牧業,家數,家,8, 
2019,其他,農林漁牧業,家數,家,163,7
2019,總計,礦業及土石採取業,家數,家,1024,27
2019,股份有限公司,礦業及土石採取業,家數,家,265,26
2019,有限公司,礦業及土石採取業,家數,家,427, 
2019,無限公司,礦業及土石採取業,家數,家,0,0
2019,兩合公司,礦業及土石採取業,家數,家,0,0
2019,合夥,礦業及土石採取業,家數,家,50,0
2019,獨資,礦業及土石採取業,家數,家,244,0
2019,本國公司之分公司,礦業及土石採取業,家數,家,9,0
2019,外國公司在台之分公司,礦業及土石採取業,家數,家, ,0
2019,其他,礦業及土石採取業,家數,家,27,0
2019,總計,製造業,家數,家,143699,6070
2019,股份有限公司,製造業,家數,家,29613,5836
2019,有限公司,製造業,家數,家,63093,190
2019,無限公司,製造業,家數,家, ,0
2019,兩合公司,製造業,家數,家,0,0
2019,合夥,製造業,家數,家,3861,0
2019,獨資,製造業,家數,家,44878, 
2019,本國公司之分公司,製造業,家數,家,808,0
2019,外國公司在台之分公司,製造業,家數,家,395,25
2019,其他,製造業,家數,家,1047,17
2019,總計,電力及燃氣供應業,家數,家,1616,165
2019,股份有限公司,電力及燃氣供應業,家數,家,451,101
2019,有限公司,電力及燃氣供應業,家數,家,839,14
2019,無限公司,電力及燃氣供應業,家數,家,0,0
2019,兩合公司,電力及燃氣供應業,家數,家,0,0
2019,合夥,電力及燃氣供應業,家數,家,28,0
2019,獨資,電力及燃氣供應業,家數,家,238,0
2019,本國公司之分公司,電力及燃氣供應業,家數,家,12,10
2019,外國公司在台之分公司,電力及燃氣供應業,家數,家, ,0
2019,其他,電力及燃氣供應業,家數,家,47,40
2019,總計,用水供應及污染整治業,家數,家,7543,342
2019,股份有限公司,用水供應及污染整治業,家數,家,592,150
2019,有限公司,用水供應及污染整治業,家數,家,3231,108
2019,無限公司,用水供應及污染整治業,家數,家,0,0
2019,兩合公司,用水供應及污染整治業,家數,家,0,0
2019,合夥,用水供應及污染整治業,家數,家,134, 
2019,獨資,用水供應及污染整治業,家數,家,3444, 
2019,本國公司之分公司,用水供應及污染整治業,家數,家,42,10
2019,外國公司在台之分公司,用水供應及污染整治業,家數,家,9, 
2019,其他,用水供應及污染整治業,家數,家,91,71
2019,總計,營建工程業,家數,家,132951,1291
2019,股份有限公司,營建工程業,家數,家,6250,937
2019,有限公司,營建工程業,家數,家,58980,321
2019,無限公司,營建工程業,家數,家,6,0
2019,兩合公司,營建工程業,家數,家, ,0
2019,合夥,營建工程業,家數,家,3984,0
2019,獨資,營建工程業,家數,家,63188, 
2019,本國公司之分公司,營建工程業,家數,家,157,0
2019,外國公司在台之分公司,營建工程業,家數,家,109,18
2019,其他,營建工程業,家數,家,276,10
2019,總計,批發及零售業,家數,家,696666,18330
2019,股份有限公司,批發及零售業,家數,家,46456,7866
2019,有限公司,批發及零售業,家數,家,228456,6240
2019,無限公司,批發及零售業,家數,家,34,0
2019,兩合公司,批發及零售業,家數,家,6,0
2019,合夥,批發及零售業,家數,家,13010,90
2019,獨資,批發及零售業,家數,家,366855,89
2019,本國公司之分公司,批發及零售業,家數,家,22503,1810
2019,外國公司在台之分公司,批發及零售業,家數,家,2366,527
2019,其他,批發及零售業,家數,家,16980,1708
2019,總計,運輸及倉儲業,家數,家,33055,1248
2019,股份有限公司,運輸及倉儲業,家數,家,4321,619
2019,有限公司,運輸及倉儲業,家數,家,10227,270
2019,無限公司,運輸及倉儲業,家數,家, ,0
2019,兩合公司,運輸及倉儲業,家數,家, ,0
2019,合夥,運輸及倉儲業,家數,家,767, 
2019,獨資,運輸及倉儲業,家數,家,11335,0
2019,本國公司之分公司,運輸及倉儲業,家數,家,808,68
2019,外國公司在台之分公司,運輸及倉儲業,家數,家,57,58
2019,其他,運輸及倉儲業,家數,家,5538,229
2019,總計,住宿及餐飲業,家數,家,168112,663
2019,股份有限公司,住宿及餐飲業,家數,家,2959,301
2019,有限公司,住宿及餐飲業,家數,家,8815,109
2019,無限公司,住宿及餐飲業,家數,家, ,0
2019,兩合公司,住宿及餐飲業,家數,家,0,0
2019,合夥,住宿及餐飲業,家數,家,5974,11
2019,獨資,住宿及餐飲業,家數,家,143192, 
2019,本國公司之分公司,住宿及餐飲業,家數,家,3690,181
2019,外國公司在台之分公司,住宿及餐飲業,家數,家,79,14
2019,其他,住宿及餐飲業,家數,家,3402,45
2019,總計,出版、影音製作、傳播及資通訊服務業,家數,家,23325,909
2019,股份有限公司,出版、影音製作、傳播及資通訊服務業,家數,家,5593,611
2019,有限公司,出版、影音製作、傳播及資通訊服務業,家數,家,11845,107
2019,無限公司,出版、影音製作、傳播及資通訊服務業,家數,家, ,0
2019,兩合公司,出版、影音製作、傳播及資通訊服務業,家數,家, ,0
2019,合夥,出版、影音製作、傳播及資通訊服務業,家數,家,274,0
2019,獨資,出版、影音製作、傳播及資通訊服務業,家數,家,3566,0
2019,本國公司之分公司,出版、影音製作、傳播及資通訊服務業,家數,家,297,48
2019,外國公司在台之分公司,出版、影音製作、傳播及資通訊服務業,家數,家,443,74
2019,其他,出版、影音製作、傳播及資通訊服務業,家數,家,1303,69
2019,總計,金融及保險業,家數,家,18485,2755
2019,股份有限公司,金融及保險業,家數,家,5799,604
2019,有限公司,金融及保險業,家數,家,6031,38
2019,無限公司,金融及保險業,家數,家, ,0
2019,兩合公司,金融及保險業,家數,家, ,0
2019,合夥,金融及保險業,家數,家,145,0
2019,獨資,金融及保險業,家數,家,2093,0
2019,本國公司之分公司,金融及保險業,家數,家,3013,1645
2019,外國公司在台之分公司,金融及保險業,家數,家,282,75
2019,其他,金融及保險業,家數,家,1120,393
2019,總計,不動產業,家數,家,38945,2013
2019,股份有限公司,不動產業,家數,家,10899,1304
2019,有限公司,不動產業,家數,家,19906,547
2019,無限公司,不動產業,家數,家,9,0
2019,兩合公司,不動產業,家數,家, ,0
2019,合夥,不動產業,家數,家,780,0
2019,獨資,不動產業,家數,家,3935,22
2019,本國公司之分公司,不動產業,家數,家,407,19
2019,外國公司在台之分公司,不動產業,家數,家,392,12
2019,其他,不動產業,家數,家,2614,109
2019,總計,專業、科學及技術服務業,家數,家,52751,923
2019,股份有限公司,專業、科學及技術服務業,家數,家,7250,542
2019,有限公司,專業、科學及技術服務業,家數,家,28489,196
2019,無限公司,專業、科學及技術服務業,家數,家,7,0
2019,兩合公司,專業、科學及技術服務業,家數,家, ,0
2019,合夥,專業、科學及技術服務業,家數,家,740,0
2019,獨資,專業、科學及技術服務業,家數,家,14740, 
2019,本國公司之分公司,專業、科學及技術服務業,家數,家,276,24
2019,外國公司在台之分公司,專業、科學及技術服務業,家數,家,551,100
2019,其他,專業、科學及技術服務業,家數,家,694,60
2019,總計,支援服務業,家數,家,32607,595
2019,股份有限公司,支援服務業,家數,家,3035,360
2019,有限公司,支援服務業,家數,家,12810,141
2019,無限公司,支援服務業,家數,家, ,0
2019,兩合公司,支援服務業,家數,家, ,0
2019,合夥,支援服務業,家數,家,584, 
2019,獨資,支援服務業,家數,家,13967, 
2019,本國公司之分公司,支援服務業,家數,家,1321,57
2019,外國公司在台之分公司,支援服務業,家數,家,61,18
2019,其他,支援服務業,家數,家,826,16
2019,總計,教育業,家數,家,4378,23
2019,股份有限公司,教育業,家數,家,321, 
2019,有限公司,教育業,家數,家,1104, 
2019,無限公司,教育業,家數,家, ,0
2019,兩合公司,教育業,家數,家,0,0
2019,合夥,教育業,家數,家,57,0
2019,獨資,教育業,家數,家,1541,0
2019,本國公司之分公司,教育業,家數,家,197, 
2019,外國公司在台之分公司,教育業,家數,家,15, 
2019,其他,教育業,家數,家,1142,12
2019,總計,醫療保健及社會工作服務業,家數,家,1200,19
2019,股份有限公司,醫療保健及社會工作服務業,家數,家,73,6
2019,有限公司,醫療保健及社會工作服務業,家數,家,146, 
2019,無限公司,醫療保健及社會工作服務業,家數,家,0,0
2019,兩合公司,醫療保健及社會工作服務業,家數,家,0,0
2019,合夥,醫療保健及社會工作服務業,家數,家,64, 
2019,獨資,醫療保健及社會工作服務業,家數,家,704,0
2019,本國公司之分公司,醫療保健及社會工作服務業,家數,家, ,0
2019,外國公司在台之分公司,醫療保健及社會工作服務業,家數,家, , 
2019,其他,醫療保健及社會工作服務業,家數,家,204,9
2019,總計,藝術、娛樂及休閒服務業,家數,家,35777,186
2019,股份有限公司,藝術、娛樂及休閒服務業,家數,家,894,70
2019,有限公司,藝術、娛樂及休閒服務業,家數,家,3570,15
2019,無限公司,藝術、娛樂及休閒服務業,家數,家,0,0
2019,兩合公司,藝術、娛樂及休閒服務業,家數,家, ,0
2019,合夥,藝術、娛樂及休閒服務業,家數,家,623,0
2019,獨資,藝術、娛樂及休閒服務業,家數,家,29387, 
2019,本國公司之分公司,藝術、娛樂及休閒服務業,家數,家,306,46
2019,外國公司在台之分公司,藝術、娛樂及休閒服務業,家數,家,85,28
2019,其他,藝術、娛樂及休閒服務業,家數,家,911,24
2019,總計,其他服務業,家數,家,87958,212
2019,股份有限公司,其他服務業,家數,家,715,62
2019,有限公司,其他服務業,家數,家,4912,26
2019,無限公司,其他服務業,家數,家, ,0
2019,兩合公司,其他服務業,家數,家,0,0
2019,合夥,其他服務業,家數,家,1811,0
2019,獨資,其他服務業,家數,家,78735,0
2019,本國公司之分公司,其他服務業,家數,家,338,38
2019,外國公司在台之分公司,其他服務業,家數,家,23, 
2019,其他,其他服務業,家數,家,1423,84
2020,總計,農林漁牧業,家數,家,11779,85
2020,股份有限公司,農林漁牧業,家數,家,1151,81
2020,有限公司,農林漁牧業,家數,家,1604, 
2020,無限公司,農林漁牧業,家數,家,0,0
2020,兩合公司,農林漁牧業,家數,家,0,0
2020,合夥,農林漁牧業,家數,家,414,0
2020,獨資,農林漁牧業,家數,家,8312,0
2020,本國公司之分公司,農林漁牧業,家數,家,27,0
2020,外國公司在台之分公司,農林漁牧業,家數,家,7, 
2020,其他,農林漁牧業,家數,家,264, 
2020,總計,礦業及土石採取業,家數,家,1043,24
2020,股份有限公司,礦業及土石採取業,家數,家,269,22
2020,有限公司,礦業及土石採取業,家數,家,421, 
2020,無限公司,礦業及土石採取業,家數,家,0,0
2020,兩合公司,礦業及土石採取業,家數,家,0,0
2020,合夥,礦業及土石採取業,家數,家,52,0
2020,獨資,礦業及土石採取業,家數,家,265,0
2020,本國公司之分公司,礦業及土石採取業,家數,家,9,0
2020,外國公司在台之分公司,礦業及土石採取業,家數,家, ,0
2020,其他,礦業及土石採取業,家數,家,26,0
2020,總計,製造業,家數,家,144647,5197
2020,股份有限公司,製造業,家數,家,30812,5050
2020,有限公司,製造業,家數,家,63435,108
2020,無限公司,製造業,家數,家,6,0
2020,兩合公司,製造業,家數,家,0,0
2020,合夥,製造業,家數,家,3943,0
2020,獨資,製造業,家數,家,44154, 
2020,本國公司之分公司,製造業,家數,家,808,0
2020,外國公司在台之分公司,製造業,家數,家,404,21
2020,其他,製造業,家數,家,1085,16
2020,總計,電力及燃氣供應業,家數,家,1992,142
2020,股份有限公司,電力及燃氣供應業,家數,家,567,138
2020,有限公司,電力及燃氣供應業,家數,家,964, 
2020,無限公司,電力及燃氣供應業,家數,家,0,0
2020,兩合公司,電力及燃氣供應業,家數,家,0,0
2020,合夥,電力及燃氣供應業,家數,家,34,0
2020,獨資,電力及燃氣供應業,家數,家,312,0
2020,本國公司之分公司,電力及燃氣供應業,家數,家,23,0
2020,外國公司在台之分公司,電力及燃氣供應業,家數,家, ,0
2020,其他,電力及燃氣供應業,家數,家,90, 
2020,總計,用水供應及污染整治業,家數,家,7907,108
2020,股份有限公司,用水供應及污染整治業,家數,家,671,103
2020,有限公司,用水供應及污染整治業,家數,家,3399, 
2020,無限公司,用水供應及污染整治業,家數,家,0,0
2020,兩合公司,用水供應及污染整治業,家數,家,0,0
2020,合夥,用水供應及污染整治業,家數,家,141,0
2020,獨資,用水供應及污染整治業,家數,家,3466,0
2020,本國公司之分公司,用水供應及污染整治業,家數,家,51,0
2020,外國公司在台之分公司,用水供應及污染整治業,家數,家,8,0
2020,其他,用水供應及污染整治業,家數,家,171, 
2020,總計,營建工程業,家數,家,138757,855
2020,股份有限公司,營建工程業,家數,家,6857,676
2020,有限公司,營建工程業,家數,家,60887,150
2020,無限公司,營建工程業,家數,家,6,0
2020,兩合公司,營建工程業,家數,家, ,0
2020,合夥,營建工程業,家數,家,4259,0
2020,獨資,營建工程業,家數,家,66189, 
2020,本國公司之分公司,營建工程業,家數,家,157,0
2020,外國公司在台之分公司,營建工程業,家數,家,115,12
2020,其他,營建工程業,家數,家,285,14
2020,總計,批發及零售業,家數,家,720674,3746
2020,股份有限公司,批發及零售業,家數,家,51809,3424
2020,有限公司,批發及零售業,家數,家,236440,223
2020,無限公司,批發及零售業,家數,家,34,0
2020,兩合公司,批發及零售業,家數,家, ,0
2020,合夥,批發及零售業,家數,家,13827,0
2020,獨資,批發及零售業,家數,家,371560,6
2020,本國公司之分公司,批發及零售業,家數,家,24865,0
2020,外國公司在台之分公司,批發及零售業,家數,家,2778,66
2020,其他,批發及零售業,家數,家,19357,27
2020,總計,運輸及倉儲業,家數,家,34877,328
2020,股份有限公司,運輸及倉儲業,家數,家,4690,298
2020,有限公司,運輸及倉儲業,家數,家,10622,9
2020,無限公司,運輸及倉儲業,家數,家, ,0
2020,兩合公司,運輸及倉儲業,家數,家, ,0
2020,合夥,運輸及倉儲業,家數,家,795,0
2020,獨資,運輸及倉儲業,家數,家,11332, 
2020,本國公司之分公司,運輸及倉儲業,家數,家,892,0
2020,外國公司在台之分公司,運輸及倉儲業,家數,家,115, 
2020,其他,運輸及倉儲業,家數,家,6429,17
2020,總計,住宿及餐飲業,家數,家,175580,454
2020,股份有限公司,住宿及餐飲業,家數,家,3027,415
2020,有限公司,住宿及餐飲業,家數,家,8959,33
2020,無限公司,住宿及餐飲業,家數,家, ,0
2020,兩合公司,住宿及餐飲業,家數,家,0,0
2020,合夥,住宿及餐飲業,家數,家,6561,0
2020,獨資,住宿及餐飲業,家數,家,149427, 
2020,本國公司之分公司,住宿及餐飲業,家數,家,3914,0
2020,外國公司在台之分公司,住宿及餐飲業,家數,家,93, 
2020,其他,住宿及餐飲業,家數,家,3598, 
2020,總計,出版、影音製作、傳播及資通訊服務業,家數,家,25042,557
2020,股份有限公司,出版、影音製作、傳播及資通訊服務業,家數,家,5975,518
2020,有限公司,出版、影音製作、傳播及資通訊服務業,家數,家,12684,14
2020,無限公司,出版、影音製作、傳播及資通訊服務業,家數,家, ,0
2020,兩合公司,出版、影音製作、傳播及資通訊服務業,家數,家, ,0
2020,合夥,出版、影音製作、傳播及資通訊服務業,家數,家,293,0
2020,獨資,出版、影音製作、傳播及資通訊服務業,家數,家,3856,0
2020,本國公司之分公司,出版、影音製作、傳播及資通訊服務業,家數,家,340,0
2020,外國公司在台之分公司,出版、影音製作、傳播及資通訊服務業,家數,家,521,10
2020,其他,出版、影音製作、傳播及資通訊服務業,家數,家,1369,15
2020,總計,金融及保險業,家數,家,20320,1939
2020,股份有限公司,金融及保險業,家數,家,5340,1604
2020,有限公司,金融及保險業,家數,家,6208,224
2020,無限公司,金融及保險業,家數,家, ,0
2020,兩合公司,金融及保險業,家數,家, ,0
2020,合夥,金融及保險業,家數,家,154,0
2020,獨資,金融及保險業,家數,家,2123,0
2020,本國公司之分公司,金融及保險業,家數,家,4632, 
2020,外國公司在台之分公司,金融及保險業,家數,家,289,59
2020,其他,金融及保險業,家數,家,1571,51
2020,總計,不動產業,家數,家,41730,2329
2020,股份有限公司,不動產業,家數,家,11244,1901
2020,有限公司,不動產業,家數,家,21989,232
2020,無限公司,不動產業,家數,家,6, 
2020,兩合公司,不動產業,家數,家, ,0
2020,合夥,不動產業,家數,家,850,0
2020,獨資,不動產業,家數,家,4130, 
2020,本國公司之分公司,不動產業,家數,家,456,0
2020,外國公司在台之分公司,不動產業,家數,家,360,44
2020,其他,不動產業,家數,家,2692,148
2020,總計,專業、科學及技術服務業,家數,家,56247,599
2020,股份有限公司,專業、科學及技術服務業,家數,家,7907,535
2020,有限公司,專業、科學及技術服務業,家數,家,30230,32
2020,無限公司,專業、科學及技術服務業,家數,家,9,0
2020,兩合公司,專業、科學及技術服務業,家數,家, ,0
2020,合夥,專業、科學及技術服務業,家數,家,824,0
2020,獨資,專業、科學及技術服務業,家數,家,15513,0
2020,本國公司之分公司,專業、科學及技術服務業,家數,家,321,0
2020,外國公司在台之分公司,專業、科學及技術服務業,家數,家,673,10
2020,其他,專業、科學及技術服務業,家數,家,766,22
2020,總計,支援服務業,家數,家,33854,173
2020,股份有限公司,支援服務業,家數,家,3345,154
2020,有限公司,支援服務業,家數,家,13354,10
2020,無限公司,支援服務業,家數,家, ,0
2020,兩合公司,支援服務業,家數,家, ,0
2020,合夥,支援服務業,家數,家,604,0
2020,獨資,支援服務業,家數,家,14260,0
2020,本國公司之分公司,支援服務業,家數,家,1328,0
2020,外國公司在台之分公司,支援服務業,家數,家,80, 
2020,其他,支援服務業,家數,家,881,6
2020,總計,教育業,家數,家,5044,23
2020,股份有限公司,教育業,家數,家,363,13
2020,有限公司,教育業,家數,家,1227, 
2020,無限公司,教育業,家數,家, ,0
2020,兩合公司,教育業,家數,家,0,0
2020,合夥,教育業,家數,家,70,0
2020,獨資,教育業,家數,家,1853,0
2020,本國公司之分公司,教育業,家數,家,211,0
2020,外國公司在台之分公司,教育業,家數,家,19,0
2020,其他,教育業,家數,家,1300,9
2020,總計,醫療保健及社會工作服務業,家數,家,1411,26
2020,股份有限公司,醫療保健及社會工作服務業,家數,家,96,13
2020,有限公司,醫療保健及社會工作服務業,家數,家,203,0
2020,無限公司,醫療保健及社會工作服務業,家數,家,0,0
2020,兩合公司,醫療保健及社會工作服務業,家數,家,0,0
2020,合夥,醫療保健及社會工作服務業,家數,家,66,0
2020,獨資,醫療保健及社會工作服務業,家數,家,736,0
2020,本國公司之分公司,醫療保健及社會工作服務業,家數,家,6,0
2020,外國公司在台之分公司,醫療保健及社會工作服務業,家數,家, , 
2020,其他,醫療保健及社會工作服務業,家數,家,299,12
2020,總計,藝術、娛樂及休閒服務業,家數,家,37593,124
2020,股份有限公司,藝術、娛樂及休閒服務業,家數,家,910,112
2020,有限公司,藝術、娛樂及休閒服務業,家數,家,3836, 
2020,無限公司,藝術、娛樂及休閒服務業,家數,家,0,0
2020,兩合公司,藝術、娛樂及休閒服務業,家數,家, ,0
2020,合夥,藝術、娛樂及休閒服務業,家數,家,673,0
2020,獨資,藝術、娛樂及休閒服務業,家數,家,30664, 
2020,本國公司之分公司,藝術、娛樂及休閒服務業,家數,家,379,0
2020,外國公司在台之分公司,藝術、娛樂及休閒服務業,家數,家,118, 
2020,其他,藝術、娛樂及休閒服務業,家數,家,1012, 
2020,總計,其他服務業,家數,家,90338,93
2020,股份有限公司,其他服務業,家數,家,752,56
2020,有限公司,其他服務業,家數,家,5072, 
2020,無限公司,其他服務業,家數,家, ,0
2020,兩合公司,其他服務業,家數,家,0,0
2020,合夥,其他服務業,家數,家,1901,0
2020,獨資,其他服務業,家數,家,80688, 
2020,本國公司之分公司,其他服務業,家數,家,373,0
2020,外國公司在台之分公司,其他服務業,家數,家,23,0
2020,其他,其他服務業,家數,家,1528,34
2021,總計,農林漁牧業,家數,家,11231,85
2021,股份有限公司,農林漁牧業,家數,家,1148,80
2021,有限公司,農林漁牧業,家數,家,1676, 
2021,合夥,農林漁牧業,家數,家,388,0
2021,獨資,農林漁牧業,家數,家,7849,0
2021,本國公司之分公司,農林漁牧業,家數,家,24,0
2021,外國公司在台之分公司,農林漁牧業,家數,家,6, 
2021,其他,農林漁牧業,家數,家,140, 
2021,總計,礦業及土石採取業,家數,家,1050,23
2021,股份有限公司,礦業及土石採取業,家數,家,258,22
2021,有限公司,礦業及土石採取業,家數,家,432, 
2021,合夥,礦業及土石採取業,家數,家,56,0
2021,獨資,礦業及土石採取業,家數,家,268,0
2021,本國公司之分公司,礦業及土石採取業,家數,家,9,0
2021,外國公司在台之分公司,礦業及土石採取業,家數,家, ,0
2021,其他,礦業及土石採取業,家數,家,26,0
2021,總計,製造業,家數,家,144605,5314
2021,股份有限公司,製造業,家數,家,30825,5161
2021,有限公司,製造業,家數,家,63748,114
2021,合夥,製造業,家數,家,4048,0
2021,獨資,製造業,家數,家,43638, 
2021,本國公司之分公司,製造業,家數,家,849,0
2021,外國公司在台之分公司,製造業,家數,家,417,22
2021,其他,製造業,家數,家,1080,15
2021,總計,電力及燃氣供應業,家數,家,2314,160
2021,股份有限公司,電力及燃氣供應業,家數,家,687,152
2021,有限公司,電力及燃氣供應業,家數,家,1063,6
2021,合夥,電力及燃氣供應業,家數,家,42,0
2021,獨資,電力及燃氣供應業,家數,家,409,0
2021,本國公司之分公司,電力及燃氣供應業,家數,家,24,0
2021,外國公司在台之分公司,電力及燃氣供應業,家數,家, ,0
2021,其他,電力及燃氣供應業,家數,家,86, 
2021,總計,用水供應及污染整治業,家數,家,8042,118
2021,股份有限公司,用水供應及污染整治業,家數,家,660,113
2021,有限公司,用水供應及污染整治業,家數,家,3503, 
2021,合夥,用水供應及污染整治業,家數,家,145,0
2021,獨資,用水供應及污染整治業,家數,家,3503,0
2021,本國公司之分公司,用水供應及污染整治業,家數,家,51,0
2021,外國公司在台之分公司,用水供應及污染整治業,家數,家,7,0
2021,其他,用水供應及污染整治業,家數,家,173, 
2021,總計,營建工程業,家數,家,145942,910
2021,股份有限公司,營建工程業,家數,家,7152,725
2021,有限公司,營建工程業,家數,家,63323,155
2021,合夥,營建工程業,家數,家,4565,0
2021,獨資,營建工程業,家數,家,70356, 
2021,本國公司之分公司,營建工程業,家數,家,176,0
2021,外國公司在台之分公司,營建工程業,家數,家,113,15
2021,其他,營建工程業,家數,家,257,12
2021,總計,批發及零售業,家數,家,736913,3881
2021,股份有限公司,批發及零售業,家數,家,52723,3536
2021,有限公司,批發及零售業,家數,家,241776,246
2021,合夥,批發及零售業,家數,家,14635,0
2021,獨資,批發及零售業,家數,家,381028, 
2021,本國公司之分公司,批發及零售業,家數,家,25729,0
2021,外國公司在台之分公司,批發及零售業,家數,家,2763,71
2021,其他,批發及零售業,家數,家,18259,24
2021,總計,運輸及倉儲業,家數,家,35849,331
2021,股份有限公司,運輸及倉儲業,家數,家,4748,298
2021,有限公司,運輸及倉儲業,家數,家,10803,12
2021,合夥,運輸及倉儲業,家數,家,821,0
2021,獨資,運輸及倉儲業,家數,家,11420, 
2021,本國公司之分公司,運輸及倉儲業,家數,家,923,0
2021,外國公司在台之分公司,運輸及倉儲業,家數,家,110, 
2021,其他,運輸及倉儲業,家數,家,7024,17
2021,總計,住宿及餐飲業,家數,家,184270,455
2021,股份有限公司,住宿及餐飲業,家數,家,3198,412
2021,有限公司,住宿及餐飲業,家數,家,9264,37
2021,合夥,住宿及餐飲業,家數,家,7128,0
2021,獨資,住宿及餐飲業,家數,家,156591,0
2021,本國公司之分公司,住宿及餐飲業,家數,家,4157,0
2021,外國公司在台之分公司,住宿及餐飲業,家數,家,79, 
2021,其他,住宿及餐飲業,家數,家,3853, 
2021,總計,出版、影音製作、傳播及資通訊服務業,家數,家,26770,577
2021,股份有限公司,出版、影音製作、傳播及資通訊服務業,家數,家,6259,535
2021,有限公司,出版、影音製作、傳播及資通訊服務業,家數,家,13361,15
2021,合夥,出版、影音製作、傳播及資通訊服務業,家數,家,307,0
2021,獨資,出版、影音製作、傳播及資通訊服務業,家數,家,4441,0
2021,本國公司之分公司,出版、影音製作、傳播及資通訊服務業,家數,家,342,0
2021,外國公司在台之分公司,出版、影音製作、傳播及資通訊服務業,家數,家,524,11
2021,其他,出版、影音製作、傳播及資通訊服務業,家數,家,1536,16
2021,總計,金融及保險業,家數,家,21172,2014
2021,股份有限公司,金融及保險業,家數,家,5768,1676
2021,有限公司,金融及保險業,家數,家,6682,230
2021,合夥,金融及保險業,家數,家,153,0
2021,獨資,金融及保險業,家數,家,2134,0
2021,本國公司之分公司,金融及保險業,家數,家,4677,0
2021,外國公司在台之分公司,金融及保險業,家數,家,283,63
2021,其他,金融及保險業,家數,家,1475,45
2021,總計,不動產業,家數,家,44307,2490
2021,股份有限公司,不動產業,家數,家,11985,2018
2021,有限公司,不動產業,家數,家,23522,263
2021,合夥,不動產業,家數,家,920,0
2021,獨資,不動產業,家數,家,4270, 
2021,本國公司之分公司,不動產業,家數,家,479,0
2021,外國公司在台之分公司,不動產業,家數,家,357,50
2021,其他,不動產業,家數,家,2774,157
2021,總計,專業、科學及技術服務業,家數,家,59611,647
2021,股份有限公司,專業、科學及技術服務業,家數,家,8459,581
2021,有限公司,專業、科學及技術服務業,家數,家,32085,33
2021,合夥,專業、科學及技術服務業,家數,家,884,0
2021,獨資,專業、科學及技術服務業,家數,家,16365,0
2021,本國公司之分公司,專業、科學及技術服務業,家數,家,341,0
2021,外國公司在台之分公司,專業、科學及技術服務業,家數,家,696,10
2021,其他,專業、科學及技術服務業,家數,家,781,23
2021,總計,支援服務業,家數,家,34528,172
2021,股份有限公司,支援服務業,家數,家,3449,156
2021,有限公司,支援服務業,家數,家,13748,8
2021,合夥,支援服務業,家數,家,637,0
2021,獨資,支援服務業,家數,家,14524,0
2021,本國公司之分公司,支援服務業,家數,家,1240,0
2021,外國公司在台之分公司,支援服務業,家數,家,81, 
2021,其他,支援服務業,家數,家,849,6
2021,總計,教育業,家數,家,5648,25
2021,股份有限公司,教育業,家數,家,396,13
2021,有限公司,教育業,家數,家,1294, 
2021,合夥,教育業,家數,家,90,0
2021,獨資,教育業,家數,家,2157,0
2021,本國公司之分公司,教育業,家數,家,213,0
2021,外國公司在台之分公司,教育業,家數,家,17,0
2021,其他,教育業,家數,家,1481,11
2021,總計,醫療保健及社會工作服務業,家數,家,1601,27
2021,股份有限公司,醫療保健及社會工作服務業,家數,家,120,13
2021,有限公司,醫療保健及社會工作服務業,家數,家,285,0
2021,合夥,醫療保健及社會工作服務業,家數,家,75,0
2021,獨資,醫療保健及社會工作服務業,家數,家,755,0
2021,本國公司之分公司,醫療保健及社會工作服務業,家數,家,10,0
2021,外國公司在台之分公司,醫療保健及社會工作服務業,家數,家,6, 
2021,其他,醫療保健及社會工作服務業,家數,家,350,13
2021,總計,藝術、娛樂及休閒服務業,家數,家,39140,125
2021,股份有限公司,藝術、娛樂及休閒服務業,家數,家,1007,114
2021,有限公司,藝術、娛樂及休閒服務業,家數,家,4165, 
2021,合夥,藝術、娛樂及休閒服務業,家數,家,694,0
2021,獨資,藝術、娛樂及休閒服務業,家數,家,31709, 
2021,本國公司之分公司,藝術、娛樂及休閒服務業,家數,家,406,0
2021,外國公司在台之分公司,藝術、娛樂及休閒服務業,家數,家,133, 
2021,其他,藝術、娛樂及休閒服務業,家數,家,1026, 
2021,總計,其他服務業,家數,家,92835,99
2021,股份有限公司,其他服務業,家數,家,789,62
2021,有限公司,其他服務業,家數,家,5253, 
2021,合夥,其他服務業,家數,家,1993,0
2021,獨資,其他服務業,家數,家,82869, 
2021,本國公司之分公司,其他服務業,家數,家,370,0
2021,外國公司在台之分公司,其他服務業,家數,家,20,0
2021,其他,其他服務業,家數,家,1541,34
2022,總計,農、林、漁、牧業與礦業及土石採取業,家數,家,11997,110
2022,股份有限公司,農、林、漁、牧業與礦業及土石採取業,家數,家,1459,101
2022,有限公司,農、林、漁、牧業與礦業及土石採取業,家數,家,2151,6
2022,合夥,農、林、漁、牧業與礦業及土石採取業,家數,家,231,0
2022,獨資,農、林、漁、牧業與礦業及土石採取業,家數,家,7947,0
2022,本國公司之分公司,農、林、漁、牧業與礦業及土石採取業,家數,家,32,0
2022,其他,農、林、漁、牧業與礦業及土石採取業,家數,家,177, 
2022,總計,製造業,家數,家,145133,5474
2022,股份有限公司,製造業,家數,家,30910,5299
2022,有限公司,製造業,家數,家,64445,132
2022,合夥,製造業,家數,家,4175,0
2022,獨資,製造業,家數,家,43233, 
2022,本國公司之分公司,製造業,家數,家,862,0
2022,其他,製造業,家數,家,1508,41
2022,總計,電力及燃氣供應業與用水供應及污染整治業,家數,家,10971,321
2022,股份有限公司,電力及燃氣供應業與用水供應及污染整治業,家數,家,1523,308
2022,有限公司,電力及燃氣供應業與用水供應及污染整治業,家數,家,4792,10
2022,合夥,電力及燃氣供應業與用水供應及污染整治業,家數,家,221,0
2022,獨資,電力及燃氣供應業與用水供應及污染整治業,家數,家,4084,0
2022,本國公司之分公司,電力及燃氣供應業與用水供應及污染整治業,家數,家,81,0
2022,其他,電力及燃氣供應業與用水供應及污染整治業,家數,家,270, 
2022,總計,營建工程業,家數,家,154665,1013
2022,股份有限公司,營建工程業,家數,家,7560,803
2022,有限公司,營建工程業,家數,家,66663,180
2022,合夥,營建工程業,家數,家,4902,0
2022,獨資,營建工程業,家數,家,74942, 
2022,本國公司之分公司,營建工程業,家數,家,191,0
2022,其他,營建工程業,家數,家,407,27
2022,總計,批發及零售業,家數,家,749869,4003
2022,股份有限公司,批發及零售業,家數,家,53691,3632
2022,有限公司,批發及零售業,家數,家,246063,265
2022,合夥,批發及零售業,家數,家,15420,0
2022,獨資,批發及零售業,家數,家,386779, 
2022,本國公司之分公司,批發及零售業,家數,家,26374,0
2022,其他,批發及零售業,家數,家,21542,101
2022,總計,運輸及倉儲業,家數,家,36725,338
2022,股份有限公司,運輸及倉儲業,家數,家,4852,304
2022,有限公司,運輸及倉儲業,家數,家,11025,11
2022,合夥,運輸及倉儲業,家數,家,842,0
2022,獨資,運輸及倉儲業,家數,家,11234, 
2022,本國公司之分公司,運輸及倉儲業,家數,家,945,0
2022,其他,運輸及倉儲業,家數,家,7827,20
2022,總計,住宿及餐飲業,家數,家,188349,465
2022,股份有限公司,住宿及餐飲業,家數,家,3353,423
2022,有限公司,住宿及餐飲業,家數,家,9621,36
2022,合夥,住宿及餐飲業,家數,家,7463,0
2022,獨資,住宿及餐飲業,家數,家,159435,0
2022,本國公司之分公司,住宿及餐飲業,家數,家,4322,0
2022,其他,住宿及餐飲業,家數,家,4155,6
2022,總計,出版、影音製作、傳播及資通訊服務業,家數,家,27632,603
2022,股份有限公司,出版、影音製作、傳播及資通訊服務業,家數,家,6547,561
2022,有限公司,出版、影音製作、傳播及資通訊服務業,家數,家,14022,15
2022,合夥,出版、影音製作、傳播及資通訊服務業,家數,家,315,0
2022,獨資,出版、影音製作、傳播及資通訊服務業,家數,家,4320,0
2022,本國公司之分公司,出版、影音製作、傳播及資通訊服務業,家數,家,345,0
2022,其他,出版、影音製作、傳播及資通訊服務業,家數,家,2083,27
2022,總計,金融及保險業,家數,家,22151,2095
2022,股份有限公司,金融及保險業,家數,家,6184,1743
2022,有限公司,金融及保險業,家數,家,7220,236
2022,合夥,金融及保險業,家數,家,159, 
2022,獨資,金融及保險業,家數,家,2146,0
2022,本國公司之分公司,金融及保險業,家數,家,4666,0
2022,其他,金融及保險業,家數,家,1776,115
2022,總計,不動產業,家數,家,46137,2630
2022,股份有限公司,不動產業,家數,家,12503,2131
2022,有限公司,不動產業,家數,家,24553,281
2022,合夥,不動產業,家數,家,990,0
2022,獨資,不動產業,家數,家,4380, 
2022,本國公司之分公司,不動產業,家數,家,501,0
2022,其他,不動產業,家數,家,3210,217
2022,總計,專業、科學及技術服務業,家數,家,62656,728
2022,股份有限公司,專業、科學及技術服務業,家數,家,9073,655
2022,有限公司,專業、科學及技術服務業,家數,家,33886,36
2022,合夥,專業、科學及技術服務業,家數,家,928,0
2022,獨資,專業、科學及技術服務業,家數,家,16904,0
2022,本國公司之分公司,專業、科學及技術服務業,家數,家,355,0
2022,其他,專業、科學及技術服務業,家數,家,1510,37
2022,總計,支援服務業,家數,家,35516,188
2022,股份有限公司,支援服務業,家數,家,3563,171
2022,有限公司,支援服務業,家數,家,14258,9
2022,合夥,支援服務業,家數,家,668,0
2022,獨資,支援服務業,家數,家,14880,0
2022,本國公司之分公司,支援服務業,家數,家,1181,0
2022,其他,支援服務業,家數,家,966,8
2022,總計,教育業,家數,家,6262,28
2022,股份有限公司,教育業,家數,家,434,16
2022,有限公司,教育業,家數,家,1367, 
2022,合夥,教育業,家數,家,118,0
2022,獨資,教育業,家數,家,2501,0
2022,本國公司之分公司,教育業,家數,家,214,0
2022,其他,教育業,家數,家,1628,11
2022,總計,醫療保健及社會工作服務業,家數,家,1842,26
2022,股份有限公司,醫療保健及社會工作服務業,家數,家,154,12
2022,有限公司,醫療保健及社會工作服務業,家數,家,367,0
2022,合夥,醫療保健及社會工作服務業,家數,家,85,0
2022,獨資,醫療保健及社會工作服務業,家數,家,766,0
2022,本國公司之分公司,醫療保健及社會工作服務業,家數,家,14,0
2022,其他,醫療保健及社會工作服務業,家數,家,456,14
2022,總計,藝術、娛樂及休閒服務業,家數,家,39093,127
2022,股份有限公司,藝術、娛樂及休閒服務業,家數,家,1064,116
2022,有限公司,藝術、娛樂及休閒服務業,家數,家,4496, 
2022,合夥,藝術、娛樂及休閒服務業,家數,家,698,0
2022,獨資,藝術、娛樂及休閒服務業,家數,家,31223, 
2022,本國公司之分公司,藝術、娛樂及休閒服務業,家數,家,428,0
2022,其他,藝術、娛樂及休閒服務業,家數,家,1184,6
2022,總計,其他服務業,家數,家,94790,101
2022,股份有限公司,其他服務業,家數,家,805,64
2022,有限公司,其他服務業,家數,家,5419, 
2022,合夥,其他服務業,家數,家,2069,0
2022,獨資,其他服務業,家數,家,84512, 
2022,本國公司之分公司,其他服務業,家數,家,384,0
2022,其他,其他服務業,家數,家,1601,34
2023,總計,農、林、漁、牧業與礦業及土石採取業,家數,家,12315,112
2023,股份有限公司,農、林、漁、牧業與礦業及土石採取業,家數,家,1472,102
2023,有限公司,農、林、漁、牧業與礦業及土石採取業,家數,家,2187,7
2023,合夥,農、林、漁、牧業與礦業及土石採取業,家數,家,234,0
2023,獨資,農、林、漁、牧業與礦業及土石採取業,家數,家,8214,0
2023,本國公司之分公司,農、林、漁、牧業與礦業及土石採取業,家數,家,30,0
2023,其他,農、林、漁、牧業與礦業及土石採取業,家數,家,178, 
2023,總計,製造業,家數,家,143665,5562
2023,股份有限公司,製造業,家數,家,30706,5378
2023,有限公司,製造業,家數,家,64271,141
2023,合夥,製造業,家數,家,4174,0
2023,獨資,製造業,家數,家,42153, 
2023,本國公司之分公司,製造業,家數,家,864,0
2023,其他,製造業,家數,家,1497,41
2023,總計,電力及燃氣供應業與用水供應及污染整治業,家數,家,11473,365
2023,股份有限公司,電力及燃氣供應業與用水供應及污染整治業,家數,家,1661,353
2023,有限公司,電力及燃氣供應業與用水供應及污染整治業,家數,家,5030,9
2023,合夥,電力及燃氣供應業與用水供應及污染整治業,家數,家,228,0
2023,獨資,電力及燃氣供應業與用水供應及污染整治業,家數,家,4207,0
2023,本國公司之分公司,電力及燃氣供應業與用水供應及污染整治業,家數,家,78,0
2023,其他,電力及燃氣供應業與用水供應及污染整治業,家數,家,269, 
2023,總計,營建工程業,家數,家,163513,1105
2023,股份有限公司,營建工程業,家數,家,7965,868
2023,有限公司,營建工程業,家數,家,70142,206
2023,合夥,營建工程業,家數,家,5237,0
2023,獨資,營建工程業,家數,家,79576, 
2023,本國公司之分公司,營建工程業,家數,家,189,0
2023,其他,營建工程業,家數,家,404,29
2023,總計,批發及零售業,家數,家,762109,4122
2023,股份有限公司,批發及零售業,家數,家,54421,3743
2023,有限公司,批發及零售業,家數,家,249273,274
2023,合夥,批發及零售業,家數,家,16244,0
2023,獨資,批發及零售業,家數,家,393438, 
2023,本國公司之分公司,批發及零售業,家數,家,26727,0
2023,其他,批發及零售業,家數,家,22006,102
2023,總計,運輸及倉儲業,家數,家,37965,351
2023,股份有限公司,運輸及倉儲業,家數,家,4921,316
2023,有限公司,運輸及倉儲業,家數,家,11249,14
2023,合夥,運輸及倉儲業,家數,家,867,0
2023,獨資,運輸及倉儲業,家數,家,11251, 
2023,本國公司之分公司,運輸及倉儲業,家數,家,973,0
2023,其他,運輸及倉儲業,家數,家,8704,19
2023,總計,住宿及餐飲業,家數,家,194589,461
2023,股份有限公司,住宿及餐飲業,家數,家,3583,421
2023,有限公司,住宿及餐飲業,家數,家,10127,34
2023,合夥,住宿及餐飲業,家數,家,7965,0
2023,獨資,住宿及餐飲業,家數,家,163938,0
2023,本國公司之分公司,住宿及餐飲業,家數,家,4573,0
2023,其他,住宿及餐飲業,家數,家,4403,6
2023,總計,出版影音及資通訊業,家數,家,28337,643
2023,股份有限公司,出版影音及資通訊業,家數,家,6784,596
2023,有限公司,出版影音及資通訊業,家數,家,14544,18
2023,合夥,出版影音及資通訊業,家數,家,306,0
2023,獨資,出版影音及資通訊業,家數,家,4327,0
2023,本國公司之分公司,出版影音及資通訊業,家數,家,340,0
2023,其他,出版影音及資通訊業,家數,家,2036,29
2023,總計,金融及保險業,家數,家,22891,2175
2023,股份有限公司,金融及保險業,家數,家,6434,1793
2023,有限公司,金融及保險業,家數,家,7651,252
2023,合夥,金融及保險業,家數,家,160, 
2023,獨資,金融及保險業,家數,家,2169,0
2023,本國公司之分公司,金融及保險業,家數,家,4696,0
2023,其他,金融及保險業,家數,家,1781,129
2023,總計,不動產業,家數,家,47223,2772
2023,股份有限公司,不動產業,家數,家,12827,2247
2023,有限公司,不動產業,家數,家,25125,302
2023,合夥,不動產業,家數,家,1039,0
2023,獨資,不動產業,家數,家,4444, 
2023,本國公司之分公司,不動產業,家數,家,524,0
2023,其他,不動產業,家數,家,3264,222
2023,總計,專業、科學及技術服務業,家數,家,65717,791
2023,股份有限公司,專業、科學及技術服務業,家數,家,9644,712
2023,有限公司,專業、科學及技術服務業,家數,家,35754,43
2023,合夥,專業、科學及技術服務業,家數,家,972,0
2023,獨資,專業、科學及技術服務業,家數,家,17402,0
2023,本國公司之分公司,專業、科學及技術服務業,家數,家,361,0
2023,其他,專業、科學及技術服務業,家數,家,1584,36
2023,總計,支援服務業,家數,家,36639,198
2023,股份有限公司,支援服務業,家數,家,3681,182
2023,有限公司,支援服務業,家數,家,14858,8
2023,合夥,支援服務業,家數,家,708,0
2023,獨資,支援服務業,家數,家,15182,0
2023,本國公司之分公司,支援服務業,家數,家,1215,0
2023,其他,支援服務業,家數,家,995,8
2023,總計,教育業,家數,家,7040,29
2023,股份有限公司,教育業,家數,家,490,16
2023,有限公司,教育業,家數,家,1544, 
2023,合夥,教育業,家數,家,138,0
2023,獨資,教育業,家數,家,2912,0
2023,本國公司之分公司,教育業,家數,家,207,0
2023,其他,教育業,家數,家,1749,12
2023,總計,醫療保健及社會工作服務業,家數,家,2151,29
2023,股份有限公司,醫療保健及社會工作服務業,家數,家,191,13
2023,有限公司,醫療保健及社會工作服務業,家數,家,473,0
2023,合夥,醫療保健及社會工作服務業,家數,家,91,0
2023,獨資,醫療保健及社會工作服務業,家數,家,764,0
2023,本國公司之分公司,醫療保健及社會工作服務業,家數,家,26,0
2023,其他,醫療保健及社會工作服務業,家數,家,606,16
2023,總計,藝術、娛樂及休閒服務業,家數,家,40848,136
2023,股份有限公司,藝術、娛樂及休閒服務業,家數,家,1166,124
2023,有限公司,藝術、娛樂及休閒服務業,家數,家,4921, 
2023,合夥,藝術、娛樂及休閒服務業,家數,家,748,0
2023,獨資,藝術、娛樂及休閒服務業,家數,家,32327, 
2023,本國公司之分公司,藝術、娛樂及休閒服務業,家數,家,446,0
2023,其他,藝術、娛樂及休閒服務業,家數,家,1240,6
2023,總計,其他服務業,家數,家,97586,102
2023,股份有限公司,其他服務業,家數,家,827,66
2023,有限公司,其他服務業,家數,家,5759,0
2023,合夥,其他服務業,家數,家,2189,0
2023,獨資,其他服務業,家數,家,86676, 
2023,本國公司之分公司,其他服務業,家數,家,402,0
2023,其他,其他服務業,家數,家,1733,34
2024,總計,農、林、漁、牧業與礦業及土石採取業,家數,家,12581,121
2024,股份有限公司,農、林、漁、牧業與礦業及土石採取業,家數,家,1441,112
2024,有限公司,農、林、漁、牧業與礦業及土石採取業,家數,家,2206,6
2024,合夥,農、林、漁、牧業與礦業及土石採取業,家數,家,240,0
2024,獨資,農、林、漁、牧業與礦業及土石採取業,家數,家,8490,0
2024,本國公司之分公司,農、林、漁、牧業與礦業及土石採取業,家數,家,27,0
2024,其他,農、林、漁、牧業與礦業及土石採取業,家數,家,177, 
2024,總計,製造業,家數,家,141996,5651
2024,股份有限公司,製造業,家數,家,30514,5467
2024,有限公司,製造業,家數,家,63826,141
2024,合夥,製造業,家數,家,4172,0
2024,獨資,製造業,家數,家,41111, 
2024,本國公司之分公司,製造業,家數,家,873,0
2024,其他,製造業,家數,家,1500,41
2024,總計,電力及燃氣供應業與用水供應及污染整治業,家數,家,11833,402
2024,股份有限公司,電力及燃氣供應業與用水供應及污染整治業,家數,家,1777,388
2024,有限公司,電力及燃氣供應業與用水供應及污染整治業,家數,家,5164,11
2024,合夥,電力及燃氣供應業與用水供應及污染整治業,家數,家,239,0
2024,獨資,電力及燃氣供應業與用水供應及污染整治業,家數,家,4296,0
2024,本國公司之分公司,電力及燃氣供應業與用水供應及污染整治業,家數,家,78,0
2024,其他,電力及燃氣供應業與用水供應及污染整治業,家數,家,279, 
2024,總計,營建工程業,家數,家,173493,1187
2024,股份有限公司,營建工程業,家數,家,8364,924
2024,有限公司,營建工程業,家數,家,74077,232
2024,合夥,營建工程業,家數,家,5678,0
2024,獨資,營建工程業,家數,家,84785, 
2024,本國公司之分公司,營建工程業,家數,家,192,0
2024,其他,營建工程業,家數,家,397,29
2024,總計,批發及零售業,家數,家,768408,4236
2024,股份有限公司,批發及零售業,家數,家,55295,3841
2024,有限公司,批發及零售業,家數,家,251735,292
2024,合夥,批發及零售業,家數,家,16864,0
2024,獨資,批發及零售業,家數,家,395087, 
2024,本國公司之分公司,批發及零售業,家數,家,27250,0
2024,其他,批發及零售業,家數,家,22177,101
2024,總計,運輸及倉儲業,家數,家,39711,357
2024,股份有限公司,運輸及倉儲業,家數,家,5038,321
2024,有限公司,運輸及倉儲業,家數,家,11391,14
2024,合夥,運輸及倉儲業,家數,家,885,0
2024,獨資,運輸及倉儲業,家數,家,11295, 
2024,本國公司之分公司,運輸及倉儲業,家數,家,1020,0
2024,其他,運輸及倉儲業,家數,家,10082,21
2024,總計,住宿及餐飲業,家數,家,200462,479
2024,股份有限公司,住宿及餐飲業,家數,家,3796,440
2024,有限公司,住宿及餐飲業,家數,家,10831,33
2024,合夥,住宿及餐飲業,家數,家,8468,0
2024,獨資,住宿及餐飲業,家數,家,167705,0
2024,本國公司之分公司,住宿及餐飲業,家數,家,4815,0
2024,其他,住宿及餐飲業,家數,家,4847,6
2024,總計,出版影音及資通訊業,家數,家,29067,685
2024,股份有限公司,出版影音及資通訊業,家數,家,7009,632
2024,有限公司,出版影音及資通訊業,家數,家,15100,23
2024,合夥,出版影音及資通訊業,家數,家,310,0
2024,獨資,出版影音及資通訊業,家數,家,4419,0
2024,本國公司之分公司,出版影音及資通訊業,家數,家,327,0
2024,其他,出版影音及資通訊業,家數,家,1902,30
2024,總計,金融及保險業,家數,家,23926,2256
2024,股份有限公司,金融及保險業,家數,家,6926,1870
2024,有限公司,金融及保險業,家數,家,8290,254
2024,合夥,金融及保險業,家數,家,160, 
2024,獨資,金融及保險業,家數,家,2151,0
2024,本國公司之分公司,金融及保險業,家數,家,4678,0
2024,其他,金融及保險業,家數,家,1721,131
2024,總計,不動產業,家數,家,48663,2956
2024,股份有限公司,不動產業,家數,家,13199,2401
2024,有限公司,不動產業,家數,家,25945,328
2024,合夥,不動產業,家數,家,1153,0
2024,獨資,不動產業,家數,家,4508, 
2024,本國公司之分公司,不動產業,家數,家,545,0
2024,其他,不動產業,家數,家,3313,225
2024,總計,專業、科學及技術服務業,家數,家,69164,838
2024,股份有限公司,專業、科學及技術服務業,家數,家,10149,756
2024,有限公司,專業、科學及技術服務業,家數,家,38106,45
2024,合夥,專業、科學及技術服務業,家數,家,1020,0
2024,獨資,專業、科學及技術服務業,家數,家,17899,0
2024,本國公司之分公司,專業、科學及技術服務業,家數,家,360,0
2024,其他,專業、科學及技術服務業,家數,家,1630,37
2024,總計,支援服務業,家數,家,37775,207
2024,股份有限公司,支援服務業,家數,家,3803,190
2024,有限公司,支援服務業,家數,家,15516,8
2024,合夥,支援服務業,家數,家,735,0
2024,獨資,支援服務業,家數,家,15440,0
2024,本國公司之分公司,支援服務業,家數,家,1245,0
2024,其他,支援服務業,家數,家,1036,9
2024,總計,教育業,家數,家,7820,30
2024,股份有限公司,教育業,家數,家,546,18
2024,有限公司,教育業,家數,家,1714, 
2024,合夥,教育業,家數,家,165,0
2024,獨資,教育業,家數,家,3296,0
2024,本國公司之分公司,教育業,家數,家,203,0
2024,其他,教育業,家數,家,1896,11
2024,總計,醫療保健及社會工作服務業,家數,家,2548,31
2024,股份有限公司,醫療保健及社會工作服務業,家數,家,248,13
2024,有限公司,醫療保健及社會工作服務業,家數,家,609,0
2024,合夥,醫療保健及社會工作服務業,家數,家,101,0
2024,獨資,醫療保健及社會工作服務業,家數,家,754,0
2024,本國公司之分公司,醫療保健及社會工作服務業,家數,家,28,0
2024,其他,醫療保健及社會工作服務業,家數,家,808,18
2024,總計,藝術、娛樂及休閒服務業,家數,家,47011,148
2024,股份有限公司,藝術、娛樂及休閒服務業,家數,家,1307,135
2024,有限公司,藝術、娛樂及休閒服務業,家數,家,5347,6
2024,合夥,藝術、娛樂及休閒服務業,家數,家,798,0
2024,獨資,藝術、娛樂及休閒服務業,家數,家,37729, 
2024,本國公司之分公司,藝術、娛樂及休閒服務業,家數,家,512,0
2024,其他,藝術、娛樂及休閒服務業,家數,家,1318,6
2024,總計,其他服務業,家數,家,101070,108
2024,股份有限公司,其他服務業,家數,家,889,72
2024,有限公司,其他服務業,家數,家,6100,0
2024,合夥,其他服務業,家數,家,2313,0
2024,獨資,其他服務業,家數,家,89500, 
2024,本國公司之分公司,其他服務業,家數,家,452,0
2024,其他,其他服務業,家數,家,1816,34
