年度,縣市別,統計項目,單位,中小企業(千人),大企業(千人),政府僱用(千人)

2013,總計,就業人數,千人,8588,1359,1020
2013,臺北市,就業人數,千人,843,239,161
2013,新北市,就業人數,千人,1592,157,161
2013,桃園縣,就業人數,千人,695,197,63
2013,臺中市,就業人數,千人,1066,109,102
2013,臺南市,就業人數,千人,730,114,81
2013,高雄市,就業人數,千人,998,174,121
2013,基隆市,就業人數,千人,144,9,21
2013,宜蘭縣,就業人數,千人,178,14,25
2013,新竹市,就業人數,千人,124,57,17
2013,新竹縣,就業人數,千人,144,79,15
2013,苗栗縣,就業人數,千人,187,49,25
2013,彰化縣,就業人數,千人,533,45,41
2013,南投縣,就業人數,千人,211,14,28
2013,雲林縣,就業人數,千人,266,35,32
2013,嘉義市,就業人數,千人,90,12,19
2013,嘉義縣,就業人數,千人,219,20,17
2013,屏東縣,就業人數,千人,337,20,43
2013,澎湖縣,就業人數,千人,28,1,12
2013,花蓮縣,就業人數,千人,114,11,22
2013,臺東縣,就業人數,千人,88,2,14
2014,總計,就業人數,千人,8669,1387,1023
2014,臺北市,就業人數,千人,1345,302,252
2014,新北市,就業人數,千人,1349,132,108
2014,桃園市,就業人數,千人,732,220,69
2014,臺中市,就業人數,千人,1181,119,100
2014,臺南市,就業人數,千人,735,115,67
2014,高雄市,就業人數,千人,1004,172,121
2014,基隆市,就業人數,千人,90,5,19
2014,宜蘭縣,就業人數,千人,150,7,22
2014,新竹市,就業人數,千人,167,111,21
2014,新竹縣,就業人數,千人,146,60,16
2014,苗栗縣,就業人數,千人,146,37,24
2014,彰化縣,就業人數,千人,454,33,34
2014,南投縣,就業人數,千人,173,7,25
2014,雲林縣,就業人數,千人,225,33,27
2014,嘉義市,就業人數,千人,94,7,17
2014,嘉義縣,就業人數,千人,159,11,19
2014,屏東縣,就業人數,千人,270,8,34
2014,澎湖縣,就業人數,千人,23,0,11
2014,花蓮縣,就業人數,千人,96,8,23
2014,臺東縣,就業人數,千人,72,1,14
2014,金馬,就業人數,千人,1,0,0
2014,其他,就業人數,千人,57,0,0
2015,總計,就業人數,千人,8759,1415,1024
2015,臺北市,就業人數,千人,1360,303,249
2015,新北市,就業人數,千人,1370,127,110
2015,桃園市,就業人數,千人,732,232,71
2015,臺中市,就業人數,千人,1188,125,97
2015,臺南市,就業人數,千人,749,119,69
2015,高雄市,就業人數,千人,1022,173,121
2015,基隆市,就業人數,千人,86,5,18
2015,宜蘭縣,就業人數,千人,153,7,21
2015,新竹市,就業人數,千人,164,112,21
2015,新竹縣,就業人數,千人,154,62,16
2015,苗栗縣,就業人數,千人,142,46,23
2015,彰化縣,就業人數,千人,458,31,36
2015,南投縣,就業人數,千人,177,9,26
2015,雲林縣,就業人數,千人,223,30,28
2015,嘉義市,就業人數,千人,92,7,16
2015,嘉義縣,就業人數,千人,167,11,18
2015,屏東縣,就業人數,千人,263,10,36
2015,澎湖縣,就業人數,千人,23,0,10
2015,花蓮縣,就業人數,千人,101,6,23
2015,臺東縣,就業人數,千人,73,2,15
2015,金馬,就業人數,千人,1,-,0
2015,其他,就業人數,千人,62,-,-
2016,總計,就業人數,千人,8810,1432,1025
2016,臺北市,就業人數,千人,1342,301,250
2016,新北市,就業人數,千人,1375,133,110
2016,桃園市,就業人數,千人,753,246,74
2016,臺中市,就業人數,千人,1191,123,99
2016,臺南市,就業人數,千人,756,116,68
2016,高雄市,就業人數,千人,1025,159,114
2016,基隆市,就業人數,千人,88,6,18
2016,宜蘭縣,就業人數,千人,152,8,22
2016,新竹市,就業人數,千人,173,122,22
2016,新竹縣,就業人數,千人,150,56,14
2016,苗栗縣,就業人數,千人,149,48,21
2016,彰化縣,就業人數,千人,458,37,36
2016,南投縣,就業人數,千人,175,9,26
2016,雲林縣,就業人數,千人,225,30,30
2016,嘉義市,就業人數,千人,95,7,15
2016,嘉義縣,就業人數,千人,170,11,18
2016,屏東縣,就業人數,千人,269,10,34
2016,澎湖縣,就業人數,千人,24,0,11
2016,花蓮縣,就業人數,千人,102,8,24
2016,臺東縣,就業人數,千人,70,3,17
2016,金馬,就業人數,千人,0,,0
2016,其他,就業人數,千人,59,,0
2017,總計,就業人數,千人,8904,1425,1023
2017,臺北市,就業人數,千人,1338,289,251
2017,新北市,就業人數,千人,1405,132,113
2017,桃園市,就業人數,千人,765,253,72
2017,臺中市,就業人數,千人,1194,116,104
2017,臺南市,就業人數,千人,757,120,64
2017,高雄市,就業人數,千人,1035,157,117
2017,基隆市,就業人數,千人,90,6,18
2017,宜蘭縣,就業人數,千人,158,9,20
2017,新竹市,就業人數,千人,184,126,25
2017,新竹縣,就業人數,千人,142,50,15
2017,苗栗縣,就業人數,千人,149,49,20
2017,彰化縣,就業人數,千人,457,37,34
2017,南投縣,就業人數,千人,178,9,26
2017,雲林縣,就業人數,千人,229,30,30
2017,嘉義市,就業人數,千人,101,8,16
2017,嘉義縣,就業人數,千人,172,14,19
2017,屏東縣,就業人數,千人,279,9,28
2017,澎湖縣,就業人數,千人,24,0,11
2017,花蓮縣,就業人數,千人,102,9,23
2017,臺東縣,就業人數,千人,74,2,17
2017,金馬,就業人數,千人,1,,0
2017,其他,就業人數,千人,70,,0
2018,總計,就業人數,千人,8965,1450,1019
2018,臺北市,就業人數,千人,1352,290,243
2018,新北市,就業人數,千人,1444,127,108
2018,桃園市,就業人數,千人,742,251,71
2018,臺中市,就業人數,千人,1216,127,101
2018,臺南市,就業人數,千人,767,123,65
2018,高雄市,就業人數,千人,1047,165,119
2018,基隆市,就業人數,千人,88,4,19
2018,宜蘭縣,就業人數,千人,156,11,23
2018,新竹市,就業人數,千人,177,134,24
2018,新竹縣,就業人數,千人,150,54,15
2018,苗栗縣,就業人數,千人,143,48,21
2018,彰化縣,就業人數,千人,447,36,35
2018,南投縣,就業人數,千人,175,8,27
2018,雲林縣,就業人數,千人,229,31,30
2018,嘉義市,就業人數,千人,102,9,16
2018,嘉義縣,就業人數,千人,167,15,21
2018,屏東縣,就業人數,千人,280,8,28
2018,澎湖縣,就業人數,千人,23,0,10
2018,花蓮縣,就業人數,千人,100,6,26
2018,臺東縣,就業人數,千人,79,3,17
2018,金馬,就業人數,千人,1,0,0
2018,其他,就業人數,千人,78,0,0
2019,總計,就業人數,千人,9054,1429,1018
2019,臺北市,就業人數,千人,1356,283,240
2019,新北市,就業人數,千人,1475,111,107
2019,桃園市,就業人數,千人,747,239,73
2019,臺中市,就業人數,千人,1228,146,94
2019,臺南市,就業人數,千人,785,125,65
2019,高雄市,就業人數,千人,1066,162,116
2019,基隆市,就業人數,千人,95,4,20
2019,宜蘭縣,就業人數,千人,155,10,26
2019,新竹市,就業人數,千人,176,134,25
2019,新竹縣,就業人數,千人,146,58,16
2019,苗栗縣,就業人數,千人,141,40,23
2019,彰化縣,就業人數,千人,440,36,34
2019,南投縣,就業人數,千人,180,9,26
2019,雲林縣,就業人數,千人,232,32,29
2019,嘉義市,就業人數,千人,101,8,17
2019,嘉義縣,就業人數,千人,169,16,21
2019,屏東縣,就業人數,千人,275,8,30
2019,澎湖縣,就業人數,千人,24,0,10
2019,花蓮縣,就業人數,千人,99,6,27
2019,臺東縣,就業人數,千人,77,2,19
2019,金馬,就業人數,千人,0,0,1
2019,其他,就業人數,千人,86,0,0
2020,總計,就業人數,千人,9311,1168,1024
2020,臺北市,就業人數,千人,1452,183,246
2020,新北市,就業人數,千人,1491,81,112
2020,桃園市,就業人數,千人,822,206,78
2020,臺中市,就業人數,千人,1264,124,98
2020,臺南市,就業人數,千人,779,120,69
2020,高雄市,就業人數,千人,1069,134,110
2020,基隆市,就業人數,千人,97,3,18
2020,宜蘭縣,就業人數,千人,163,8,22
2020,新竹市,就業人數,千人,190,119,24
2020,新竹縣,就業人數,千人,158,57,17
2020,苗栗縣,就業人數,千人,141,35,24
2020,彰化縣,就業人數,千人,449,30,36
2020,南投縣,就業人數,千人,179,8,25
2020,雲林縣,就業人數,千人,232,29,28
2020,嘉義市,就業人數,千人,105,5,17
2020,嘉義縣,就業人數,千人,165,14,18
2020,屏東縣,就業人數,千人,283,7,28
2020,澎湖縣,就業人數,千人,24,0,11
2020,花蓮縣,就業人數,千人,99,4,25
2020,臺東縣,就業人數,千人,76,1,21
2020,金馬,就業人數,千人,1,0,0
2020,其他,就業人數,千人,73,0,0
2021,總計,就業人數,千人,9200,1222,1026
2021,臺北市,就業人數,千人,1394,184,240
2021,新北市,就業人數,千人,1462,88,112
2021,桃園市,就業人數,千人,837,227,81
2021,臺中市,就業人數,千人,1293,120,109
2021,臺南市,就業人數,千人,751,122,69
2021,高雄市,就業人數,千人,1072,145,110
2021,基隆市,就業人數,千人,91,3,17
2021,宜蘭縣,就業人數,千人,156,9,23
2021,新竹市,就業人數,千人,192,132,23
2021,新竹縣,就業人數,千人,158,56,16
2021,苗栗縣,就業人數,千人,137,40,22
2021,彰化縣,就業人數,千人,456,29,32
2021,南投縣,就業人數,千人,165,7,22
2021,雲林縣,就業人數,千人,233,29,26
2021,嘉義市,就業人數,千人,95,5,16
2021,嘉義縣,就業人數,千人,164,10,17
2021,屏東縣,就業人數,千人,281,9,31
2021,澎湖縣,就業人數,千人,24,0,10
2021,花蓮縣,就業人數,千人,94,4,28
2021,臺東縣,就業人數,千人,79,1,17
2021,金馬,就業人數,千人,1,0,1
2021,其他,就業人數,千人,65,0,0
2022,總計,就業人數,千人,9132,1265,1021
2022,臺北市,就業人數,千人,1345,188,222
2022,新北市,就業人數,千人,1475,88,111
2022,桃園市,就業人數,千人,808,245,83
2022,臺中市,就業人數,千人,1306,123,114
2022,臺南市,就業人數,千人,765,117,67
2022,高雄市,就業人數,千人,1077,149,115
2022,基隆市,就業人數,千人,90,3,19
2022,宜蘭縣,就業人數,千人,146,7,23
2022,新竹市,就業人數,千人,183,148,21
2022,新竹縣,就業人數,千人,155,61,17
2022,苗栗縣,就業人數,千人,143,45,22
2022,彰化縣,就業人數,千人,447,28,30
2022,南投縣,就業人數,千人,165,6,23
2022,雲林縣,就業人數,千人,239,25,27
2022,嘉義市,就業人數,千人,96,5,15
2022,嘉義縣,就業人數,千人,171,12,18
2022,屏東縣,就業人數,千人,271,8,33
2022,澎湖縣,就業人數,千人,26,0,11
2022,花蓮縣,就業人數,千人,94,5,29
2022,臺東縣,就業人數,千人,76,2,20
2022,金馬,就業人數,千人,1,0,0
2022,其他,就業人數,千人,53,0,0
2023,總計,就業人數,千人,9167,1332,1028
2023,臺北市,就業人數,千人,1360,207,224
2023,新北市,就業人數,千人,1463,91,118
2023,桃園市,就業人數,千人,833,254,83
2023,臺中市,就業人數,千人,1316,138,114
2023,臺南市,就業人數,千人,763,126,70
2023,高雄市,就業人數,千人,1092,154,113
2023,基隆市,就業人數,千人,92,3,19
2023,宜蘭縣,就業人數,千人,151,7,22
2023,新竹市,就業人數,千人,197,149,24
2023,新竹縣,就業人數,千人,136,65,16
2023,苗栗縣,就業人數,千人,141,41,25
2023,彰化縣,就業人數,千人,440,31,32
2023,南投縣,就業人數,千人,170,9,23
2023,雲林縣,就業人數,千人,229,27,26
2023,嘉義市,就業人數,千人,101,6,16
2023,嘉義縣,就業人數,千人,163,12,15
2023,屏東縣,就業人數,千人,264,7,32
2023,澎湖縣,就業人數,千人,27,0,10
2023,花蓮縣,就業人數,千人,101,5,26
2023,臺東縣,就業人數,千人,74,2,21
2023,金馬,就業人數,千人,1,0,0
2023,其他,就業人數,千人,52,0,0
2024,總計,就業人數,千人,9194,1372,1029
2024,臺北市,就業人數,千人,1361,206,237
2024,新北市,就業人數,千人,1475,102,117
2024,桃園市,就業人數,千人,858,257,78
2024,臺中市,就業人數,千人,1314,143,114
2024,臺南市,就業人數,千人,752,136,66
2024,高雄市,就業人數,千人,1076,145,111
2024,基隆市,就業人數,千人,89,4,18
2024,宜蘭縣,就業人數,千人,150,8,23
2024,新竹市,就業人數,千人,197,145,27
2024,新竹縣,就業人數,千人,146,79,17
2024,苗栗縣,就業人數,千人,136,44,24
2024,彰化縣,就業人數,千人,433,33,29
2024,南投縣,就業人數,千人,175,8,23
2024,雲林縣,就業人數,千人,227,29,25
2024,嘉義市,就業人數,千人,99,6,17
2024,嘉義縣,就業人數,千人,169,11,16
2024,屏東縣,就業人數,千人,270,7,34
2024,澎湖縣,就業人數,千人,25,0,9
2024,花蓮縣,就業人數,千人,106,5,23
2024,臺東縣,就業人數,千人,74,2,20
2024,金馬,就業人數,千人,1,0,0
2024,其他,就業人數,千人,63,0,0
