年度,檔案名稱,下載連結,關鍵字,機關
113,113年度-中小企業家數－按行業別.csv,https://www.sme.gov.tw/files/13230/CB08E3EF-C554-4EA7-A475-F0DA26B83F2C,家數、行業別,經濟部中小及新創企業署
113,113年度-中小企業就業人數－按行業別.csv,https://www.sme.gov.tw/files/13230/225A4122-13D6-4B72-A03F-EBFEB0EEF4C1,就業人數、行業別,經濟部中小及新創企業署
113,113年度-中小企業就業人數－按性別.csv,https://www.sme.gov.tw/files/13230/36E66964-1339-4CAE-81D1-01B63E6D31CC,就業人數、性別,經濟部中小及新創企業署
113,113年度-中小企業銷售額－按行業別.csv,https://www.sme.gov.tw/files/13230/908F5F9E-CE82-4E09-9538-956E04F568E4,銷售額、行業別,經濟部中小及新創企業署
113,113年度-中小企業出口額－按行業別.csv,https://www.sme.gov.tw/files/13230/985E2F0F-4B72-40DC-8D10-10E5FC6BA1B6,出口額、行業別,經濟部中小及新創企業署
112,112年度-中小企業家數－按行業別.csv,https://www.sme.gov.tw/files/12183/9010AEB3-8E1B-47AD-B401-07D45751C635,家數、行業別,經濟部中小及新創企業署
112,112年度-中小企業就業人數－按行業別.csv,https://www.sme.gov.tw/files/12183/AC8C3A99-ABB2-4501-9A8D-9CFF72FCFCE1,就業人數、行業別,經濟部中小及新創企業署
112,112年度-中小企業就業人數－按性別.csv,https://www.sme.gov.tw/files/12183/AC7B6162-BD57-483D-A317-80C43953A3C0,就業人數、性別,經濟部中小及新創企業署
112,112年度-中小企業銷售額－按行業別.csv,https://www.sme.gov.tw/files/12183/C72EE4A3-4868-4E16-9B5C-40882F6E7E8C,銷售額、行業別,經濟部中小及新創企業署
112,112年度-中小企業出口額－按行業別.csv,https://www.sme.gov.tw/files/12183/D210AA85-E838-449C-A7D3-A04761A5BCEA,出口額、行業別,經濟部中小及新創企業署
111,111年度-中小企業家數－按行業別.csv,https://www.sme.gov.tw/files/11286/07D1A7BD-EABB-44DB-8C5C-E1F0E379A7BE,家數、行業別,經濟部中小及新創企業署
111,111年度-中小企業就業人數－按行業別.csv,https://www.sme.gov.tw/files/11286/FFC5FA12-B0BD-4F40-89E7-5A2160D38201,就業人數、行業別,經濟部中小及新創企業署
111,111年度-中小企業就業人數－按性別.csv,https://www.sme.gov.tw/files/11286/8023EF2A-8BDE-49FE-88DE-31DF8C39AFC3,就業人數、性別,經濟部中小及新創企業署
111,111年度-中小企業銷售額－按行業別.csv,https://www.sme.gov.tw/files/11286/074DBE3D-FD9C-4697-9C47-9EA251160A96,銷售額、行業別,經濟部中小及新創企業署
111,111年度-中小企業出口額－按行業別.csv,https://www.sme.gov.tw/files/11286/FFD3D082-9639-4F2F-B952-E0E79B9A91AD,出口額、行業別,經濟部中小及新創企業署
110,110年度-中小企業家數－按行業別.csv,https://www.sme.gov.tw/files/8162/A0133F9F-83F8-4F5B-B762-B83F239B51D4,家數、行業別,經濟部中小及新創企業署
110,110年度-中小企業就業人數－按行業別.csv,https://www.sme.gov.tw/files/8162/1DE4E59A-D47F-4397-ABE6-FD4EFE2983F6,就業人數、行業別,經濟部中小及新創企業署
110,110年度-中小企業就業人數－按性別.csv,https://www.sme.gov.tw/files/8162/DD8708E6-5133-4637-AA7C-D30ADA1001F3,就業人數、性別,經濟部中小及新創企業署
110,110年度-中小企業銷售額－按行業別.csv,https://www.sme.gov.tw/files/8162/5BB41E71-0B2B-4C6C-8D9D-02B977A8C0B7,銷售額、行業別,經濟部中小及新創企業署
110,110年度-中小企業出口額－按行業別.csv,https://www.sme.gov.tw/files/8162/0EFFA183-F6B4-4B03-86FF-808EB0C4F24F,出口額、行業別,經濟部中小及新創企業署
109,109年度-中小企業家數－按行業別.csv,https://www.sme.gov.tw/files/7063/93A99018-1CCB-40CE-8F77-E019E3026602,家數、行業別,經濟部中小及新創企業署
109,109年度-中小企業就業人數－按行業別.csv,https://www.sme.gov.tw/files/7063/47889309-4803-4065-975D-5F102E9D691C,就業人數、行業別,經濟部中小及新創企業署
109,109年度-中小企業就業人數－按性別.csv,https://www.sme.gov.tw/files/7063/424A013E-0B71-4115-815B-044B880BD289,就業人數、性別,經濟部中小及新創企業署
109,109年度-中小企業銷售額－按行業別.csv,https://www.sme.gov.tw/files/7063/24A9DB70-8EB0-40E6-8DDA-4CF2B26C62FF,銷售額、行業別,經濟部中小及新創企業署
109,109年度-中小企業出口額－按行業別.csv,https://www.sme.gov.tw/files/7063/9817F35E-7091-4409-9F6D-B87C217DD35E,出口額、行業別,經濟部中小及新創企業署
108,108年度-中小企業家數－按行業別.csv,https://www.sme.gov.tw/files/5369/7CEABC4A-2147-4883-933F-B22BA2C724FB,家數、行業別,經濟部中小及新創企業署
108,108年度-中小企業就業人數－按行業別.csv,https://www.sme.gov.tw/files/5369/EDDF6B35-38E0-47EF-A401-0B5E5D31F3E2,就業人數、行業別,經濟部中小及新創企業署
108,108年度-中小企業就業人數－按性別.csv,https://www.sme.gov.tw/files/5369/FDC8E64C-DF67-4295-AA84-C4DCAA0DBAF8,就業人數、性別,經濟部中小及新創企業署
108,108年度-中小企業銷售額－按行業別.csv,https://www.sme.gov.tw/files/5369/A13CD840-4EED-42AF-AE55-4A8A22DC6110,銷售額、行業別,經濟部中小及新創企業署
108,108年度-中小企業出口額－按行業別.csv,https://www.sme.gov.tw/files/5369/050D8EB9-7BB4-43D2-94D7-956EF591170D,出口額、行業別,經濟部中小及新創企業署
107,107年度-中小企業家數－按行業別.csv,https://www.sme.gov.tw/files/4251/7B0C4998-E1EA-4E5A-8164-052B0400059A,家數、行業別,經濟部中小及新創企業署
107,107年度-中小企業就業人數－按行業別.csv,https://www.sme.gov.tw/files/4251/FA554DC7-417B-4E00-8411-FBB3D9802572,就業人數、行業別,經濟部中小及新創企業署
107,107年度-中小企業就業人數－按性別.csv,https://www.sme.gov.tw/files/4251/7AF5DCF4-658F-4610-97E0-6CC4FBC45175,就業人數、性別,經濟部中小及新創企業署
107,107年度-中小企業銷售額－按行業別.csv,https://www.sme.gov.tw/files/4251/0CC668BF-7F41-4D46-A3CD-229C52956C2A,銷售額、行業別,經濟部中小及新創企業署
107,107年度-中小企業出口額－按行業別.csv,https://www.sme.gov.tw/files/4251/348941F2-C79E-48DD-88D4-D78AD2613A91,出口額、行業別,經濟部中小及新創企業署
106,106年度-中小企業家數－按行業別.csv,https://www.sme.gov.tw/files/559/910F1B51-ACAB-4A76-95DE-FF41DF1914C4,家數、行業別,經濟部中小及新創企業署
106,106年度-中小企業就業人數－按行業別.csv,https://www.sme.gov.tw/files/559/70C1CE33-8E24-4959-A0FA-5606CCA05478,就業人數、行業別,經濟部中小及新創企業署
106,106年度-中小企業就業人數－按性別.csv,https://www.sme.gov.tw/files/559/16C7B4AF-C38C-4AC4-8492-266B279FDC75,就業人數、性別,經濟部中小及新創企業署
106,106年度-中小企業銷售額－按行業別.csv,https://www.sme.gov.tw/files/559/2CC13D3F-B9FD-43A5-BCFD-9FFDD72045E5,銷售額、行業別,經濟部中小及新創企業署
106,106年度-中小企業出口額－按行業別.csv,https://www.sme.gov.tw/files/559/6963507E-135C-4234-BDE5-75001035D607,出口額、行業別,經濟部中小及新創企業署
105,105年度-中小企業家數－按行業別.csv,https://www.sme.gov.tw/files/558/FEB61CD6-F1A9-4D0C-8918-73198BDAD40A,家數、行業別,經濟部中小及新創企業署
105,105年度-中小企業就業人數－按行業別.csv,https://www.sme.gov.tw/files/558/EAFDAD3F-F0D4-486C-96CB-D15CC8595021,就業人數、行業別,經濟部中小及新創企業署
105,105年度-中小企業就業人數－按性別.csv,https://www.sme.gov.tw/files/558/2AF5A67B-9D87-430D-A1E1-D0527C4D1F86,就業人數、性別,經濟部中小及新創企業署
105,105年度-中小企業銷售額－按行業別.csv,https://www.sme.gov.tw/files/558/75EA3028-2B4A-46A6-AC3C-3667C968B41E,銷售額、行業別,經濟部中小及新創企業署
105,105年度-中小企業出口額－按行業別.csv,https://www.sme.gov.tw/files/558/CAB8EACF-B767-453F-83C3-EFDF1459AF16,出口額、行業別,經濟部中小及新創企業署
