年度,行業中分類,統計項目,單位,全部企業(百萬元),中小企業(百萬元),大企業(百萬元)
2013,總計,內銷額,百萬元,220750,175715,45036
2013,農、林、漁、牧業,內銷額,百萬元,463,463,0
2013,礦業及土石採取業,內銷額,百萬元,317,317,0
2013,製造業,內銷額,百萬元,17953,15976,1977
2013,電力及燃氣供應業,內銷額,百萬元,181,181,0
2013,用水供應及污染整治業,內銷額,百萬元,1101,961,
2013,營造業,內銷額,百萬元,24910,23766,1145
2013,批發及零售業,內銷額,百萬元,112926,82022,30903
2013,運輸及倉儲業,內銷額,百萬元,3094,2683,
2013,住宿及餐飲業,內銷額,百萬元,18174,17879,
2013,資訊及通訊傳播業,內銷額,百萬元,6695,5669,
2013,金融及保險業,內銷額,百萬元,5927,1878,4049
2013,不動產業,內銷額,百萬元,11746,8967,2779
2013,專業、科學及技術服務業,內銷額,百萬元,7650,6048,
2013,支援服務業,內銷額,百萬元,3380,3380,0
2013,教育服務業,內銷額,百萬元,542,396,
2013,醫療保健及社會工作服務業,內銷額,百萬元,127,127,0
2013,藝術、娛樂及休閒服務業,內銷額,百萬元,2113,1713,
2013,其他服務業,內銷額,百萬元,3453,3289,
2014,總計,內銷額,百萬元,190771,164772,25999
2014,農、林、漁、牧業,內銷額,百萬元,,617,
2014,礦業及土石採取業,內銷額,百萬元,390,390,0
2014,製造業,內銷額,百萬元,18869,17245,1624
2014,電力及燃氣供應業,內銷額,百萬元,111,111,0
2014,用水供應及污染整治業,內銷額,百萬元,1094,1094,0
2014,營造業,內銷額,百萬元,25341,24685,655
2014,批發及零售業,內銷額,百萬元,92557,76141,16416
2014,運輸及倉儲業,內銷額,百萬元,3144,2749,
2014,住宿及餐飲業,內銷額,百萬元,19590,18630,
2014,資訊及通訊傳播業,內銷額,百萬元,3432,2432,
2014,金融及保險業,內銷額,百萬元,,1242,
2014,不動產業,內銷額,百萬元,8147,5805,2342
2014,專業、科學及技術服務業,內銷額,百萬元,6202,5321,
2014,支援服務業,內銷額,百萬元,,3016,
2014,教育服務業,內銷額,百萬元,,612,
2014,醫療保健及社會工作服務業,內銷額,百萬元,50,50,0
2014,藝術、娛樂及休閒服務業,內銷額,百萬元,1645,1645,0
2014,其他服務業,內銷額,百萬元,2987,2987,0
2015,總計,內銷額,百萬元,212681,169577,43104
2015,農、林、漁、牧業,內銷額,百萬元,651,651,0
2015,礦業及土石採取業,內銷額,百萬元,168,168,0
2015,製造業,內銷額,百萬元,19460,18007,1453
2015,電力及燃氣供應業,內銷額,百萬元,11897,98,
2015,用水供應及污染整治業,內銷額,百萬元,1211,955,
2015,營造業,內銷額,百萬元,24419,24103,
2015,批發及零售業,內銷額,百萬元,102064,79599,22465
2015,運輸及倉儲業,內銷額,百萬元,3922,3278,
2015,住宿及餐飲業,內銷額,百萬元,22888,21463,1426
2015,資訊及通訊傳播業,內銷額,百萬元,2910,2244,665
2015,金融及保險業,內銷額,百萬元,943,612,
2015,不動產業,內銷額,百萬元,7348,5039,2310
2015,專業、科學及技術服務業,內銷額,百萬元,4995,4604,
2015,支援服務業,內銷額,百萬元,3198,3093,
2015,教育服務業,內銷額,百萬元,1023,479,
2015,醫療保健及社會工作服務業,內銷額,百萬元,31,31,0
2015,藝術、娛樂及休閒服務業,內銷額,百萬元,1968,1968,0
2015,其他服務業,內銷額,百萬元,3585,3185,
2016,總計,內銷額,百萬元,207876,158469,49407
2016,農、林、漁、牧業,內銷額,百萬元,549,549,0
2016,礦業及土石採取業,內銷額,百萬元,68,68,0
2016,製造業,內銷額,百萬元,13529,12320,1209
2016,電力及燃氣供應業,內銷額,百萬元,406,226,
2016,用水供應及污染整治業,內銷額,百萬元,637,637,0
2016,營建工程業,內銷額,百萬元,21537,20353,1184
2016,批發及零售業,內銷額,百萬元,108902,75082,33821
2016,運輸及倉儲業,內銷額,百萬元,4263,3413,
2016,住宿及餐飲業,內銷額,百萬元,24260,23711,
2016,出版、影音製作、傳播及資通訊服務業,內銷額,百萬元,2563,2563,0
2016,金融及保險業,內銷額,百萬元,9364,1093,8270
2016,不動產業,內銷額,百萬元,6947,4428,2520
2016,專業、科學及技術服務業,內銷額,百萬元,5914,5089,
2016,支援服務業,內銷額,百萬元,3356,3356,0
2016,教育業,內銷額,百萬元,454,454,0
2016,醫療保健及社會工作服務業,內銷額,百萬元,62,62,0
2016,藝術、娛樂及休閒服務業,內銷額,百萬元,2080,2080,0
2016,其他服務業,內銷額,百萬元,2986,2986,0
2017,總計,內銷額,百萬元,193886,161874,32012
2017,農、林、漁、牧業,內銷額,百萬元,701,611,
2017,礦業及土石採取業,內銷額,百萬元,197,197,0
2017,製造業,內銷額,百萬元,14442,12841,1601
2017,電力及燃氣供應業,內銷額,百萬元,191,191,0
2017,用水供應及污染整治業,內銷額,百萬元,665,665,0
2017,營建工程業,內銷額,百萬元,20846,20742,
2017,批發及零售業,內銷額,百萬元,96956,74469,22486
2017,運輸及倉儲業,內銷額,百萬元,6943,4895,
2017,住宿及餐飲業,內銷額,百萬元,24155,23287,868
2017,出版、影音製作、傳播及資通訊服務業,內銷額,百萬元,3162,2717,
2017,金融及保險業,內銷額,百萬元,2094,1392,
2017,不動產業,內銷額,百萬元,5774,4395,1378
2017,專業、科學及技術服務業,內銷額,百萬元,5379,5055,
2017,支援服務業,內銷額,百萬元,3641,3029,
2017,教育業,內銷額,百萬元,745,624,
2017,醫療保健及社會工作服務業,內銷額,百萬元,755,755,0
2017,藝術、娛樂及休閒服務業,內銷額,百萬元,3004,2708,
2017,其他服務業,內銷額,百萬元,4238,3299,
2018,總計,內銷額,百萬元,192833,169211,23623
2018,農、林、漁、牧業,內銷額,百萬元,432,432,0
2018,礦業及土石採取業,內銷額,百萬元,465,465,0
2018,製造業,內銷額,百萬元,15597,14943,654
2018,電力及燃氣供應業,內銷額,百萬元,133,133,0
2018,用水供應及污染整治業,內銷額,百萬元,1092,1092,0
2018,營建工程業,內銷額,百萬元,22838,22033,
2018,批發及零售業,內銷額,百萬元,89158,74435,14723
2018,運輸及倉儲業,內銷額,百萬元,3937,3824,
2018,住宿及餐飲業,內銷額,百萬元,24824,23993,
2018,出版、影音製作、傳播及資通訊服務業,內銷額,百萬元,5568,3549,2019
2018,金融及保險業,內銷額,百萬元,1825,1285,
2018,不動產業,內銷額,百萬元,7048,4629,2418
2018,專業、科學及技術服務業,內銷額,百萬元,7755,6457,
2018,支援服務業,內銷額,百萬元,3133,3133,0
2018,教育業,內銷額,百萬元,609,498,
2018,醫療保健及社會工作服務業,內銷額,百萬元,264,264,0
2018,藝術、娛樂及休閒服務業,內銷額,百萬元,5155,5044,
2018,其他服務業,內銷額,百萬元,3001,3001,0
2019,總計,內銷額,百萬元,224479,184814,39665
2019,農、林、漁、牧業,內銷額,百萬元,419,419,0
2019,礦業及土石採取業,內銷額,百萬元,285,285,
2019,製造業,內銷額,百萬元,30998,24312,6686
2019,電力及燃氣供應業,內銷額,百萬元,704,514,
2019,用水供應及污染整治業,內銷額,百萬元,710,710,0
2019,營建工程業,內銷額,百萬元,24467,23449,1018
2019,批發及零售業,內銷額,百萬元,99569,75673,23896
2019,運輸及倉儲業,內銷額,百萬元,5044,4026,
2019,住宿及餐飲業,內銷額,百萬元,25122,24117,1006
2019,出版、影音製作、傳播及資通訊服務業,內銷額,百萬元,7880,6133,1747
2019,金融及保險業,內銷額,百萬元,2882,1352,1531
2019,不動產業,內銷額,百萬元,7259,5802,1457
2019,專業、科學及技術服務業,內銷額,百萬元,7107,6295,
2019,支援服務業,內銷額,百萬元,3348,3236,112
2019,教育業,內銷額,百萬元,828,828,0
2019,醫療保健及社會工作服務業,內銷額,百萬元,247,247,0
2019,藝術、娛樂及休閒服務業,內銷額,百萬元,4357,4164,
2019,其他服務業,內銷額,百萬元,3251,3251,0
2020,總計,內銷額,百萬元,205987,197011,8976
2020,農、林、漁、牧業,內銷額,百萬元,397,397,
2020,礦業及土石採取業,內銷額,百萬元,229,229,0
2020,製造業,內銷額,百萬元,14743,11851,2892
2020,電力及燃氣供應業,內銷額,百萬元,371,371,0
2020,用水供應及污染整治業,內銷額,百萬元,759,732,
2020,營建工程業,內銷額,百萬元,33924,29055,4869
2020,批發及零售業,內銷額,百萬元,89883,89293,590
2020,運輸及倉儲業,內銷額,百萬元,5520,5340,
2020,住宿及餐飲業,內銷額,百萬元,22170,22150,20
2020,出版、影音製作、傳播及資通訊服務業,內銷額,百萬元,4402,4402,
2020,金融及保險業,內銷額,百萬元,2065,1869,197
2020,不動產業,內銷額,百萬元,11378,11274,104
2020,專業、科學及技術服務業,內銷額,百萬元,8247,8202,45
2020,支援服務業,內銷額,百萬元,3985,3935,
2020,教育業,內銷額,百萬元,850,850,
2020,醫療保健及社會工作服務業,內銷額,百萬元,310,310,
2020,藝術、娛樂及休閒服務業,內銷額,百萬元,3842,3842,
2020,其他服務業,內銷額,百萬元,2908,2908,
2021,總計,內銷額,百萬元,226205,221858,4347
2021,農、林、漁、牧業,內銷額,百萬元,447,447,0
2021,礦業及土石採取業,內銷額,百萬元,172,172,0
2021,製造業,內銷額,百萬元,12277,11826,451
2021,電力及燃氣供應業,內銷額,百萬元,301,301,
2021,用水供應及污染整治業,內銷額,百萬元,973,915,
2021,營建工程業,內銷額,百萬元,31342,31197,
2021,批發及零售業,內銷額,百萬元,105606,103154,2452
2021,運輸及倉儲業,內銷額,百萬元,7067,6726,
2021,住宿及餐飲業,內銷額,百萬元,20700,20700,0
2021,出版、影音製作、傳播及資通訊服務業,內銷額,百萬元,4146,4064,83
2021,金融及保險業,內銷額,百萬元,11585,11332,252
2021,不動產業,內銷額,百萬元,8925,8724,200
2021,專業、科學及技術服務業,內銷額,百萬元,11803,11771,32
2021,支援服務業,內銷額,百萬元,3430,3096,
2021,教育業,內銷額,百萬元,889,889,0
2021,醫療保健及社會工作服務業,內銷額,百萬元,136,136,
2021,藝術、娛樂及休閒服務業,內銷額,百萬元,3115,3115,
2021,其他服務業,內銷額,百萬元,3293,3293,
2022,總計,內銷額,百萬元,245644,239736,5908
2022,農、林、漁、牧業與礦業及土石採取業,內銷額,百萬元,1208,1208,
2022,製造業,內銷額,百萬元,15029,13663,1366
2022,電力及燃氣供應業與用水供應及污染整治業,內銷額,百萬元,1593,1582,10
2022,營建工程業,內銷額,百萬元,39289,39246,
2022,批發及零售業,內銷額,百萬元,117996,115661,2334
2022,運輸及倉儲業,內銷額,百萬元,10442,10442,
2022,住宿及餐飲業,內銷額,百萬元,22991,22955,
2022,出版、影音製作、傳播及資通訊服務業,內銷額,百萬元,4854,3797,
2022,金融及保險業,內銷額,百萬元,1893,1765,128
2022,不動產業,內銷額,百萬元,8365,8003,362
2022,專業、科學及技術服務業,內銷額,百萬元,10888,10420,468
2022,支援服務業,內銷額,百萬元,3255,3204,
2022,教育業,內銷額,百萬元,750,750,0
2022,醫療保健及社會工作服務業,內銷額,百萬元,405,401,
2022,藝術、娛樂及休閒服務業,內銷額,百萬元,2926,2879,
2022,其他服務業,內銷額,百萬元,3758,3758,
2023,總計,內銷額,百萬元,264133,260030,4104
2023,農、林、漁、牧業與礦業及土石採取業,內銷額,百萬元,831,831,0
2023,製造業,內銷額,百萬元,8524,7726,798
2023,電力及燃氣供應業與用水供應及污染整治業,內銷額,百萬元,5616,5616,1
2023,營建工程業,內銷額,百萬元,39718,39644,74
2023,批發及零售業,內銷額,百萬元,129858,128566,1291
2023,運輸及倉儲業,內銷額,百萬元,7166,7166,0
2023,住宿及餐飲業,內銷額,百萬元,26871,26860,
2023,出版影音及資通訊業,內銷額,百萬元,9875,9113,
2023,金融及保險業,內銷額,百萬元,3492,2899,594
2023,不動產業,內銷額,百萬元,8396,8386,10
2023,專業、科學及技術服務業,內銷額,百萬元,10962,10403,559
2023,支援服務業,內銷額,百萬元,3425,3423,
2023,教育業,內銷額,百萬元,901,901,0
2023,醫療保健及社會工作服務業,內銷額,百萬元,222,221,
2023,藝術、娛樂及休閒服務業,內銷額,百萬元,4390,4390,
2023,其他服務業,內銷額,百萬元,3885,3885,
2024,總計,內銷額,百萬元,311853,294134,17719
2024,農、林、漁、牧業與礦業及土石採取業,內銷額,百萬元,946,946,0
2024,製造業,內銷額,百萬元,10201,9423,778
2024,電力及燃氣供應業與用水供應及污染整治業,內銷額,百萬元,11692,5035,6657
2024,營建工程業,內銷額,百萬元,49172,48510,663
2024,批發及零售業,內銷額,百萬元,156021,154600,1421
2024,運輸及倉儲業,內銷額,百萬元,6790,6790,0
2024,住宿及餐飲業,內銷額,百萬元,28782,28761,
2024,出版影音及資通訊業,內銷額,百萬元,9582,5578,4003
2024,金融及保險業,內銷額,百萬元,2413,2342,71
2024,不動產業,內銷額,百萬元,12201,8201,4000
2024,專業、科學及技術服務業,內銷額,百萬元,9926,9828,98
2024,支援服務業,內銷額,百萬元,4216,4209,
2024,教育業,內銷額,百萬元,897,897,0
2024,醫療保健及社會工作服務業,內銷額,百萬元,625,625,0
2024,藝術、娛樂及休閒服務業,內銷額,百萬元,4288,4288,0
2024,其他服務業,內銷額,百萬元,4102,4102,0
