年度,行業別,統計項目,單位,全部企業(家),中小企業(家),大企業(家)
2013,總計,家數,家,144760,139099,5661
2013,食品製造業,家數,家,9729,9488,241
2013,飲料製造業,家數,家,655,628,27
2013,菸草製造業,家數,家,8,,
2013,紡織業,家數,家,5174,4915,259
2013,成衣及服飾品製造業,家數,家,4285,4238,47
2013,皮革、毛皮及其製品製造業,家數,家,1649,1608,41
2013,木竹製品製造業,家數,家,2841,2803,38
2013,紙漿、紙及紙製品製造業,家數,家,3053,2953,100
2013,印刷及資料儲存媒體複製業,家數,家,8319,8255,64
2013,石油及煤製品製造業,家數,家,184,167,17
2013,化學材料製造業,家數,家,1507,1279,228
2013,化學製品製造業,家數,家,2332,2176,156
2013,藥品製造業,家數,家,375,255,120
2013,橡膠製品製造業,家數,家,1524,1453,71
2013,塑膠製品製造業,家數,家,10319,10060,259
2013,非金屬礦物製品製造業,家數,家,3231,3051,180
2013,基本金屬製造業,家數,家,6589,6256,333
2013,金屬製品製造業,家數,家,37460,36905,555
2013,電子零組件製造業,家數,家,5985,4947,1038
2013,電腦、電子產品及光學製品製造業,家數,家,3198,2657,541
2013,電力設備製造業,家數,家,5189,4840,349
2013,機械設備製造業,家數,家,15892,15423,469
2013,汽車及其零件製造業,家數,家,2353,2199,154
2013,其他運輸工具製造業,家數,家,2178,2037,141
2013,家具製造業,家數,家,2157,2133,24
2013,其他製造業,家數,家,4506,4330,176
2013,產業用機械設備維修及安裝業,家數,家,4068,4038,30
2014,總計,家數,家,147404,141817,5587
2014,食品製造業,家數,家,9936,9689,247
2014,飲料製造業,家數,家,656,630,26
2014,菸草製造業,家數,家,8,,
2014,紡織業,家數,家,5227,4981,246
2014,成衣及服飾品製造業,家數,家,4195,4149,46
2014,皮革、毛皮及其製品製造業,家數,家,1682,1643,39
2014,木竹製品製造業,家數,家,2841,2808,33
2014,紙漿、紙及紙製品製造業,家數,家,3060,2962,98
2014,印刷及資料儲存媒體複製業,家數,家,8471,8404,67
2014,石油及煤製品製造業,家數,家,179,165,14
2014,化學材料製造業,家數,家,1525,1303,222
2014,化學製品製造業,家數,家,2437,2273,164
2014,藥品製造業,家數,家,373,246,127
2014,橡膠製品製造業,家數,家,1572,1501,71
2014,塑膠製品製造業,家數,家,10434,10182,252
2014,非金屬礦物製品製造業,家數,家,3272,3091,181
2014,基本金屬製造業,家數,家,6861,6544,317
2014,金屬製品製造業,家數,家,38588,38045,543
2014,電子零組件製造業,家數,家,6068,5041,1027
2014,電腦、電子產品及光學製品製造業,家數,家,3172,2647,525
2014,電力設備製造業,家數,家,5231,4886,345
2014,機械設備製造業,家數,家,16032,15556,476
2014,汽車及其零件製造業,家數,家,2302,2151,151
2014,其他運輸工具製造業,家數,家,2168,2032,136
2014,家具製造業,家數,家,2203,2176,27
2014,其他製造業,家數,家,4526,4350,176
2014,產業用機械設備維修及安裝業,家數,家,4385,4357,28
2015,總計,家數,家,148800,143118,5682
2015,食品製造業,家數,家,9889,9640,249
2015,飲料製造業,家數,家,629,600,29
2015,菸草製造業,家數,家,8,,
2015,紡織業,家數,家,5254,5000,254
2015,成衣及服飾品製造業,家數,家,4148,4102,46
2015,皮革、毛皮及其製品製造業,家數,家,1653,1618,35
2015,木竹製品製造業,家數,家,2892,2860,32
2015,紙漿、紙及紙製品製造業,家數,家,3078,2981,97
2015,印刷及資料儲存媒體複製業,家數,家,8534,8466,68
2015,石油及煤製品製造業,家數,家,180,168,12
2015,化學材料製造業,家數,家,1565,1330,235
2015,化學製品製造業,家數,家,2588,2420,168
2015,藥品製造業,家數,家,380,250,130
2015,橡膠製品製造業,家數,家,1582,1512,70
2015,塑膠製品製造業,家數,家,10478,10206,272
2015,非金屬礦物製品製造業,家數,家,3245,3069,176
2015,基本金屬製造業,家數,家,6801,6483,318
2015,金屬製品製造業,家數,家,39191,38624,567
2015,電子零組件製造業,家數,家,6125,5099,1026
2015,電腦、電子產品及光學製品製造業,家數,家,3185,2673,512
2015,電力設備製造業,家數,家,5268,4916,352
2015,機械設備製造業,家數,家,16155,15668,487
2015,汽車及其零件製造業,家數,家,2300,2140,160
2015,其他運輸工具製造業,家數,家,2186,2048,138
2015,家具製造業,家數,家,2245,2215,30
2015,其他製造業,家數,家,4488,4307,181
2015,產業用機械設備維修及安裝業,家數,家,4753,4718,35
2016,總計,家數,家,148971,143184,5787
2016,食品及飼品製造業,家數,家,9732,9485,247
2016,飲料製造業,家數,家,607,579,28
2016,菸草製造業,家數,家,8,,
2016,紡織業,家數,家,5245,4983,262
2016,成衣及服飾品製造業,家數,家,4053,4008,45
2016,皮革、毛皮及其製品製造業,家數,家,1626,1590,36
2016,木竹製品製造業,家數,家,2860,2828,32
2016,紙漿、紙及紙製品製造業,家數,家,3062,2964,98
2016,印刷及資料儲存媒體複製業,家數,家,8554,8482,72
2016,石油及煤製品製造業,家數,家,186,173,13
2016,化學原材料、肥料、氮化合物、塑橡膠原料及人造纖維製造業,家數,家,1605,1367,238
2016,其他化學製品製造業,家數,家,2671,2500,171
2016,藥品及醫用化學製品製造業,家數,家,371,231,140
2016,橡膠製品製造業,家數,家,1584,1509,75
2016,塑膠製品製造業,家數,家,10442,10166,276
2016,非金屬礦物製品製造業,家數,家,3217,3035,182
2016,基本金屬製造業,家數,家,6758,6430,328
2016,金屬製品製造業,家數,家,39288,38707,581
2016,電子零組件製造業,家數,家,6085,5070,1015
2016,電腦、電子產品及光學製品製造業,家數,家,3194,2671,523
2016,電力設備及配備製造業,家數,家,5279,4919,360
2016,機械設備製造業,家數,家,16212,15711,501
2016,汽車及其零件製造業,家數,家,2301,2134,167
2016,其他運輸工具及其零件製造業,家數,家,2195,2054,141
2016,家具製造業,家數,家,2270,2237,33
2016,其他製造業,家數,家,4447,4265,182
2016,產業用機械設備維修及安裝業,家數,家,5119,5081,38
2017,總計,家數,家,149322,143429,5893
2017,食品及飼品製造業,家數,家,9908,9655,253
2017,飲料製造業,家數,家,626,595,31
2017,菸草製造業,家數,家,8,,
2017,紡織業,家數,家,5148,4886,262
2017,成衣及服飾品製造業,家數,家,3969,3924,45
2017,皮革、毛皮及其製品製造業,家數,家,1316,1280,36
2017,木竹製品製造業,家數,家,2834,2801,33
2017,紙漿、紙及紙製品製造業,家數,家,3028,2930,98
2017,印刷及資料儲存媒體複製業,家數,家,8513,8441,72
2017,石油及煤製品製造業,家數,家,194,181,13
2017,化學原材料、肥料、氮化合物、塑橡膠原料及人造纖維製造業,家數,家,1623,1384,239
2017,其他化學製品製造業,家數,家,2727,2554,173
2017,藥品及醫用化學製品製造業,家數,家,419,271,148
2017,橡膠製品製造業,家數,家,1666,1586,80
2017,塑膠製品製造業,家數,家,10409,10132,277
2017,非金屬礦物製品製造業,家數,家,3384,3197,187
2017,基本金屬製造業,家數,家,6698,6370,328
2017,金屬製品製造業,家數,家,39507,38905,602
2017,電子零組件製造業,家數,家,6050,5039,1011
2017,電腦、電子產品及光學製品製造業,家數,家,3164,2649,515
2017,電力設備及配備製造業,家數,家,5310,4925,385
2017,機械設備製造業,家數,家,16314,15801,513
2017,汽車及其零件製造業,家數,家,2284,2109,175
2017,其他運輸工具及其零件製造業,家數,家,2172,2028,144
2017,家具製造業,家數,家,2255,2220,35
2017,其他製造業,家數,家,4365,4172,193
2017,產業用機械設備維修及安裝業,家數,家,5431,5389,42
2018,總計,家數,家,149821,143853,5968
2018,食品及飼品製造業,家數,家,9813,9559,254
2018,飲料製造業,家數,家,617,585,32
2018,菸草製造業,家數,家,8,,
2018,紡織業,家數,家,5097,4832,265
2018,成衣及服飾品製造業,家數,家,3867,3822,45
2018,皮革、毛皮及其製品製造業,家數,家,1265,1230,35
2018,木竹製品製造業,家數,家,2839,2805,34
2018,紙漿、紙及紙製品製造業,家數,家,3035,2938,97
2018,印刷及資料儲存媒體複製業,家數,家,8478,8406,72
2018,石油及煤製品製造業,家數,家,190,177,13
2018,化學原材料、肥料、氮化合物、塑橡膠原料及人造纖維製造業,家數,家,1650,1402,248
2018,其他化學製品製造業,家數,家,2707,2531,176
2018,藥品及醫用化學製品製造業,家數,家,420,271,149
2018,橡膠製品製造業,家數,家,1679,1594,85
2018,塑膠製品製造業,家數,家,10414,10130,284
2018,非金屬礦物製品製造業,家數,家,3364,3172,192
2018,基本金屬製造業,家數,家,6665,6331,334
2018,金屬製品製造業,家數,家,39721,39104,617
2018,電子零組件製造業,家數,家,6088,5096,992
2018,電腦、電子產品及光學製品製造業,家數,家,3169,2650,519
2018,電力設備及配備製造業,家數,家,5424,5029,395
2018,機械設備製造業,家數,家,16444,15919,525
2018,汽車及其零件製造業,家數,家,2263,2087,176
2018,其他運輸工具及其零件製造業,家數,家,2198,2051,147
2018,家具製造業,家數,家,2268,2231,37
2018,其他製造業,家數,家,4315,4116,199
2018,產業用機械設備維修及安裝業,家數,家,5823,5780,43
2019,總計,家數,家,149769,143699,6070
2019,食品及飼品製造業,家數,家,9835,9577,258
2019,飲料製造業,家數,家,623,591,32
2019,菸草製造業,家數,家,8,,
2019,紡織業,家數,家,4988,4721,267
2019,成衣及服飾品製造業,家數,家,3741,3696,45
2019,皮革、毛皮及其製品製造業,家數,家,1230,1196,34
2019,木竹製品製造業,家數,家,2793,2759,34
2019,紙漿、紙及紙製品製造業,家數,家,3029,2930,99
2019,印刷及資料儲存媒體複製業,家數,家,8526,8454,72
2019,石油及煤製品製造業,家數,家,195,182,13
2019,化學原材料、肥料、氮化合物、塑橡膠原料及人造纖維製造業,家數,家,1634,1384,250
2019,其他化學製品製造業,家數,家,2718,2534,184
2019,藥品及醫用化學製品製造業,家數,家,425,275,150
2019,橡膠製品製造業,家數,家,1691,1606,85
2019,塑膠製品製造業,家數,家,10366,10077,289
2019,非金屬礦物製品製造業,家數,家,3308,3117,191
2019,基本金屬製造業,家數,家,6584,6245,339
2019,金屬製品製造業,家數,家,39684,39043,641
2019,電子零組件製造業,家數,家,6104,5115,989
2019,電腦、電子產品及光學製品製造業,家數,家,3168,2644,524
2019,電力設備及配備製造業,家數,家,5482,5073,409
2019,機械設備製造業,家數,家,16490,15947,543
2019,汽車及其零件製造業,家數,家,2264,2087,177
2019,其他運輸工具及其零件製造業,家數,家,2190,2036,154
2019,家具製造業,家數,家,2271,2234,37
2019,其他製造業,家數,家,4268,4068,200
2019,產業用機械設備維修及安裝業,家數,家,6154,6103,51
2020,總計,家數,家,149844,144647,5197
2020,食品及飼品製造業,家數,家,9913,9700,213
2020,飲料製造業,家數,家,619,590,29
2020,菸草製造業,家數,家,8,,
2020,紡織業,家數,家,4938,4698,240
2020,成衣及服飾品製造業,家數,家,3587,3559,28
2020,皮革、毛皮及其製品製造業,家數,家,1206,1184,22
2020,木竹製品製造業,家數,家,2806,2788,18
2020,紙漿、紙及紙製品製造業,家數,家,3000,2920,80
2020,印刷及資料儲存媒體複製業,家數,家,8514,8455,59
2020,石油及煤製品製造業,家數,家,198,184,14
2020,化學原材料、肥料、氮化合物、塑橡膠原料及人造纖維製造業,家數,家,1642,1415,227
2020,其他化學製品製造業,家數,家,2729,2583,146
2020,藥品及醫用化學製品製造業,家數,家,433,299,134
2020,橡膠製品製造業,家數,家,1696,1623,73
2020,塑膠製品製造業,家數,家,10322,10081,241
2020,非金屬礦物製品製造業,家數,家,3294,3138,156
2020,基本金屬製造業,家數,家,6497,6202,295
2020,金屬製品製造業,家數,家,39684,39172,512
2020,電子零組件製造業,家數,家,6116,5216,900
2020,電腦、電子產品及光學製品製造業,家數,家,3131,2658,473
2020,電力設備及配備製造業,家數,家,5541,5192,349
2020,機械設備製造業,家數,家,16539,16094,445
2020,汽車及其零件製造業,家數,家,2237,2078,159
2020,其他運輸工具及其零件製造業,家數,家,2177,2050,127
2020,家具製造業,家數,家,2277,2250,27
2020,其他製造業,家數,家,4297,4119,178
2020,產業用機械設備維修及安裝業,家數,家,6443,6394,49
2021,總計,家數,家,149919,144605,5314
2021,食品及飼品製造業,家數,家,10034,9807,227
2021,飲料製造業,家數,家,614,584,30
2021,菸草、石油及煤製品製造業,家數,家,211,195,16
2021,紡織業,家數,家,4835,4598,237
2021,成衣及服飾品製造業,家數,家,3407,3376,31
2021,皮革、毛皮及其製品製造業,家數,家,1144,1125,19
2021,木竹製品製造業,家數,家,2827,2808,19
2021,紙漿、紙及紙製品製造業,家數,家,3004,2924,80
2021,印刷及資料儲存媒體複製業,家數,家,8384,8324,60
2021,化學原材料、肥料、氮化合物、塑橡膠原料及人造纖維製造業,家數,家,1639,1401,238
2021,其他化學製品製造業,家數,家,2733,2580,153
2021,藥品及醫用化學製品製造業,家數,家,424,292,132
2021,橡膠製品製造業,家數,家,1703,1630,73
2021,塑膠製品製造業,家數,家,10345,10092,253
2021,非金屬礦物製品製造業,家數,家,3263,3107,156
2021,基本金屬製造業,家數,家,6445,6153,292
2021,金屬製品製造業,家數,家,39868,39344,524
2021,電子零組件製造業,家數,家,6122,5212,910
2021,電腦、電子產品及光學製品製造業,家數,家,3098,2627,471
2021,電力設備及配備製造業,家數,家,5580,5214,366
2021,機械設備製造業,家數,家,16502,16030,472
2021,汽車及其零件製造業,家數,家,2244,2078,166
2021,其他運輸工具及其零件製造業,家數,家,2195,2068,127
2021,家具製造業,家數,家,2315,2286,29
2021,其他製造業,家數,家,4247,4063,184
2021,產業用機械設備維修及安裝業,家數,家,6736,6687,49
2022,總計,家數,家,150607,145133,5474
2022,食品及飼品製造業,家數,家,10286,10043,243
2022,飲料製造業,家數,家,606,577,29
2022,紡織業,家數,家,4770,4535,235
2022,成衣及服飾品製造業,家數,家,3292,3261,31
2022,皮革、毛皮及其製品製造業,家數,家,1136,1117,19
2022,木竹製品製造業,家數,家,2856,2835,21
2022,紙漿、紙及紙製品製造業,家數,家,2985,2907,78
2022,印刷及資料儲存媒體複製業,家數,家,8376,8313,63
2022,石油及煤製品製造業,家數,家,200,183,17
2022,化學原材料、肥料、氮化合物、塑橡膠原料及人造纖維製造業,家數,家,1636,1393,243
2022,其他化學製品製造業,家數,家,2705,2549,156
2022,藥品及醫用化學製品製造業,家數,家,420,284,136
2022,橡膠製品製造業,家數,家,1683,1609,74
2022,塑膠製品製造業,家數,家,10278,10012,266
2022,非金屬礦物製品製造業,家數,家,3273,3114,159
2022,基本金屬製造業,家數,家,6363,6067,296
2022,金屬製品製造業,家數,家,40229,39682,547
2022,電子零組件製造業,家數,家,6133,5205,928
2022,電腦、電子產品及光學製品製造業,家數,家,3083,2609,474
2022,電力設備及配備製造業,家數,家,5664,5279,385
2022,機械設備製造業,家數,家,16548,16055,493
2022,汽車及其零件製造業,家數,家,2220,2047,173
2022,其他運輸工具及其零件製造業,家數,家,2235,2103,132
2022,家具製造業,家數,家,2323,2291,32
2022,其他製造業,家數,家,4233,4041,192
2022,產業用機械設備維修及安裝業,家數,家,7074,7022,52
2023,總計,家數,家,149227,143665,5562
2023,食品及飼品製造業,家數,家,10341,10088,253
2023,飲料製造業,家數,家,613,583,30
2023,紡織業,家數,家,4640,4404,236
2023,成衣及服飾品製造業,家數,家,3208,3180,28
2023,皮革、毛皮及其製品製造業,家數,家,1098,1078,20
2023,木竹製品製造業,家數,家,2801,2779,22
2023,紙漿、紙及紙製品製造業,家數,家,2954,2877,77
2023,印刷及資料儲存媒體複製業,家數,家,8347,8286,61
2023,石油及煤製品製造業,家數,家,195,178,17
2023,化學材料及肥料製造業,家數,家,1607,1368,239
2023,其他化學製品製造業,家數,家,2649,2489,160
2023,藥品及醫用化學製品製造業,家數,家,403,271,132
2023,橡膠製品製造業,家數,家,1664,1590,74
2023,塑膠製品製造業,家數,家,10092,9818,274
2023,非金屬礦物製品製造業,家數,家,3240,3072,168
2023,基本金屬製造業,家數,家,6264,5962,302
2023,金屬製品製造業,家數,家,39810,39249,561
2023,電子零組件製造業,家數,家,6081,5147,934
2023,電腦、電子產品及光學製品製造業,家數,家,3031,2555,476
2023,電力設備及配備製造業,家數,家,5661,5268,393
2023,機械設備製造業,家數,家,16383,15871,512
2023,汽車及其零件製造業,家數,家,2183,2011,172
2023,其他運輸工具及其零件製造業,家數,家,2216,2083,133
2023,家具製造業,家數,家,2306,2273,33
2023,其他製造業,家數,家,4117,3918,199
2023,產業用機械設備維修及安裝業,家數,家,7323,7267,56
2024,總計,家數,家,147647,141996,5651
2024,食品及飼品製造業,家數,家,10431,10172,259
2024,飲料製造業,家數,家,602,572,30
2024,紡織業,家數,家,4546,4306,240
2024,成衣及服飾品製造業,家數,家,3073,3046,27
2024,皮革、毛皮及其製品製造業,家數,家,1044,1025,19
2024,木竹製品製造業,家數,家,2766,2742,24
2024,紙漿、紙及紙製品製造業,家數,家,2947,2869,78
2024,印刷及資料儲存媒體複製業,家數,家,8264,8206,58
2024,石油及煤製品製造業,家數,家,193,177,16
2024,化學材料及肥料製造業,家數,家,1575,1334,241
2024,其他化學製品製造業,家數,家,2619,2454,165
2024,藥品及醫用化學製品製造業,家數,家,394,262,132
2024,橡膠製品製造業,家數,家,1637,1563,74
2024,塑膠製品製造業,家數,家,9948,9674,274
2024,非金屬礦物製品製造業,家數,家,3219,3049,170
2024,基本金屬製造業,家數,家,6129,5827,302
2024,金屬製品製造業,家數,家,39295,38720,575
2024,電子零組件製造業,家數,家,5954,5019,935
2024,電腦、電子產品及光學製品製造業,家數,家,3007,2525,482
2024,電力設備及配備製造業,家數,家,5687,5263,424
2024,機械設備製造業,家數,家,16168,15643,525
2024,汽車及其零件製造業,家數,家,2153,1983,170
2024,其他運輸工具及其零件製造業,家數,家,2154,2012,142
2024,家具製造業,家數,家,2299,2266,33
2024,其他製造業,家數,家,4008,3811,197
2024,產業用機械設備維修及安裝業,家數,家,7535,7476,59
