年度,行業別,統計項目,單位,全部企業(百萬元),中小企業(百萬元),大企業(百萬元)
2013,總計,出口額,百萬元,6643414,973892,5669522
2013,食品製造業,出口額,百萬元,27823,8475,19348
2013,飲料製造業,出口額,百萬元,2379,847,1532
2013,菸草製造業,出口額,百萬元,2546,0,
2013,紡織業,出口額,百萬元,187916,23093,164823
2013,成衣及服飾品製造業,出口額,百萬元,26551,16828,9722
2013,皮革、毛皮及其製品製造業,出口額,百萬元,47494,13805,33689
2013,木竹製品製造業,出口額,百萬元,5337,3114,2224
2013,紙漿、紙及紙製品製造業,出口額,百萬元,35980,11693,24287
2013,印刷及資料儲存媒體複製業,出口額,百萬元,52854,4943,47911
2013,石油及煤製品製造業,出口額,百萬元,589431,114,589317
2013,化學材料製造業,出口額,百萬元,552071,22666,529406
2013,化學製品製造業,出口額,百萬元,78017,12117,65900
2013,藥品製造業,出口額,百萬元,15779,341,15438
2013,橡膠製品製造業,出口額,百萬元,53939,10974,42965
2013,塑膠製品製造業,出口額,百萬元,134258,51925,82333
2013,非金屬礦物製品製造業,出口額,百萬元,110392,31966,78426
2013,基本金屬製造業,出口額,百萬元,377416,43453,333964
2013,金屬製品製造業,出口額,百萬元,314408,111827,202581
2013,電子零組件製造業,出口額,百萬元,2629704,287526,2342178
2013,電腦、電子產品及光學製品製造業,出口額,百萬元,509106,36597,472509
2013,電力設備製造業,出口額,百萬元,179412,49753,129659
2013,機械設備製造業,出口額,百萬元,321924,125846,196078
2013,汽車及其零件製造業,出口額,百萬元,119075,17773,101303
2013,其他運輸工具製造業,出口額,百萬元,143897,34193,109704
2013,家具製造業,出口額,百萬元,22900,14868,8033
2013,其他製造業,出口額,百萬元,91557,32813,58744
2013,產業用機械設備維修及安裝業,出口額,百萬元,11247,6343,4903
2014,總計,出口額,百萬元,7002855,1038190,5964665
2014,食品製造業,出口額,百萬元,30019,9728,20291
2014,飲料製造業,出口額,百萬元,2823,763,2061
2014,菸草製造業,出口額,百萬元,,0,
2014,紡織業,出口額,百萬元,185667,23468,162198
2014,成衣及服飾品製造業,出口額,百萬元,26095,16825,9270
2014,皮革、毛皮及其製品製造業,出口額,百萬元,48808,13597,35210
2014,木竹製品製造業,出口額,百萬元,5195,3421,1773
2014,紙漿、紙及紙製品製造業,出口額,百萬元,33492,11900,21592
2014,印刷及資料儲存媒體複製業,出口額,百萬元,55213,4614,50599
2014,石油及煤製品製造業,出口額,百萬元,580093,143,579949
2014,化學材料製造業,出口額,百萬元,584414,23272,561142
2014,化學製品製造業,出口額,百萬元,84776,14576,70200
2014,藥品製造業,出口額,百萬元,16131,708,15424
2014,橡膠製品製造業,出口額,百萬元,56233,12250,43983
2014,塑膠製品製造業,出口額,百萬元,143964,54583,89381
2014,非金屬礦物製品製造業,出口額,百萬元,93284,25344,67940
2014,基本金屬製造業,出口額,百萬元,408532,48500,360032
2014,金屬製品製造業,出口額,百萬元,349990,122381,227609
2014,電子零組件製造業,出口額,百萬元,2786602,295299,2491303
2014,電腦、電子產品及光學製品製造業,出口額,百萬元,514719,47687,467031
2014,電力設備製造業,出口額,百萬元,199080,51538,147542
2014,機械設備製造業,出口額,百萬元,348078,136860,211218
2014,汽車及其零件製造業,出口額,百萬元,131735,17795,113940
2014,其他運輸工具製造業,出口額,百萬元,159058,42358,116699
2014,家具製造業,出口額,百萬元,26625,16951,9675
2014,其他製造業,出口額,百萬元,94653,34061,60592
2014,產業用機械設備維修及安裝業,出口額,百萬元,34487,9566,24922
2015,總計,出口額,百萬元,6623005,1019705,5603301
2015,食品製造業,出口額,百萬元,30858,9860,20998
2015,飲料製造業,出口額,百萬元,2999,656,2343
2015,菸草製造業,出口額,百萬元,3289,0,
2015,紡織業,出口額,百萬元,172550,22551,149998
2015,成衣及服飾品製造業,出口額,百萬元,25812,12336,13476
2015,皮革、毛皮及其製品製造業,出口額,百萬元,47109,12307,34802
2015,木竹製品製造業,出口額,百萬元,4626,3206,1419
2015,紙漿、紙及紙製品製造業,出口額,百萬元,28928,11237,17691
2015,印刷及資料儲存媒體複製業,出口額,百萬元,55005,4025,50980
2015,石油及煤製品製造業,出口額,百萬元,344687,98,344590
2015,化學材料製造業,出口額,百萬元,507551,22156,485395
2015,化學製品製造業,出口額,百萬元,82107,15150,66957
2015,藥品製造業,出口額,百萬元,17480,710,16770
2015,橡膠製品製造業,出口額,百萬元,55566,11315,44251
2015,塑膠製品製造業,出口額,百萬元,142144,51231,90913
2015,非金屬礦物製品製造業,出口額,百萬元,79462,19614,59848
2015,基本金屬製造業,出口額,百萬元,351714,42020,309694
2015,金屬製品製造業,出口額,百萬元,340691,122349,218342
2015,電子零組件製造業,出口額,百萬元,2833133,290748,2542385
2015,電腦、電子產品及光學製品製造業,出口額,百萬元,492259,60158,432101
2015,電力設備製造業,出口額,百萬元,196590,48772,147818
2015,機械設備製造業,出口額,百萬元,326919,132244,194674
2015,汽車及其零件製造業,出口額,百萬元,129633,17870,111763
2015,其他運輸工具製造業,出口額,百萬元,194716,49154,145562
2015,家具製造業,出口額,百萬元,26750,17455,9295
2015,其他製造業,出口額,百萬元,91453,32900,58553
2015,產業用機械設備維修及安裝業,出口額,百萬元,38974,9581,29393
2016,總計,出口額,百萬元,6422303,977112,5445191
2016,食品及飼品製造業,出口額,百萬元,32745,9713,23032
2016,飲料製造業,出口額,百萬元,2454,602,1852
2016,菸草製造業,出口額,百萬元,3686,0,
2016,紡織業,出口額,百萬元,170803,23073,147730
2016,成衣及服飾品製造業,出口額,百萬元,25289,11693,13596
2016,皮革、毛皮及其製品製造業,出口額,百萬元,41879,10773,31105
2016,木竹製品製造業,出口額,百萬元,3919,2442,1477
2016,紙漿、紙及紙製品製造業,出口額,百萬元,30575,12178,18397
2016,印刷及資料儲存媒體複製業,出口額,百萬元,54174,3999,50174
2016,石油及煤製品製造業,出口額,百萬元,277543,126,277417
2016,化學原材料、肥料、氮化合物、塑橡膠原料及人造纖維製造業,出口額,百萬元,470186,23163,447023
2016,其他化學製品製造業,出口額,百萬元,76767,14542,62224
2016,藥品及醫用化學製品製造業,出口額,百萬元,18216,845,17371
2016,橡膠製品製造業,出口額,百萬元,69887,11045,58842
2016,塑膠製品製造業,出口額,百萬元,141269,50307,90961
2016,非金屬礦物製品製造業,出口額,百萬元,72879,17554,55325
2016,基本金屬製造業,出口額,百萬元,314623,33064,281559
2016,金屬製品製造業,出口額,百萬元,330895,117110,213785
2016,電子零組件製造業,出口額,百萬元,2872134,304950,2567183
2016,電腦、電子產品及光學製品製造業,出口額,百萬元,437581,35005,402575
2016,電力設備及配備製造業,出口額,百萬元,196898,44867,152031
2016,機械設備製造業,出口額,百萬元,318765,131117,187648
2016,汽車及其零件製造業,出口額,百萬元,118015,16482,101533
2016,其他運輸工具及其零件製造業,出口額,百萬元,178096,46681,131415
2016,家具製造業,出口額,百萬元,26043,16288,9754
2016,其他製造業,出口額,百萬元,92657,31156,61501
2016,產業用機械設備維修及安裝業,出口額,百萬元,44327,8335,35991
2017,總計,出口額,百萬元,6815222,979858,5835364
2017,食品及飼品製造業,出口額,百萬元,33207,10250,22957
2017,飲料製造業,出口額,百萬元,2640,452,2188
2017,菸草製造業,出口額,百萬元,2547,0,
2017,紡織業,出口額,百萬元,174238,22602,151636
2017,成衣及服飾品製造業,出口額,百萬元,19708,10736,8972
2017,皮革、毛皮及其製品製造業,出口額,百萬元,41012,8339,32672
2017,木竹製品製造業,出口額,百萬元,4407,2906,1501
2017,紙漿、紙及紙製品製造業,出口額,百萬元,30432,7107,23325
2017,印刷及資料儲存媒體複製業,出口額,百萬元,42749,3826,38923
2017,石油及煤製品製造業,出口額,百萬元,292794,146,292648
2017,化學原材料、肥料、氮化合物、塑橡膠原料及人造纖維製造業,出口額,百萬元,539842,26691,513151
2017,其他化學製品製造業,出口額,百萬元,80241,14259,65982
2017,藥品及醫用化學製品製造業,出口額,百萬元,19426,1424,18001
2017,橡膠製品製造業,出口額,百萬元,73415,11850,61566
2017,塑膠製品製造業,出口額,百萬元,132895,48291,84604
2017,非金屬礦物製品製造業,出口額,百萬元,73555,19907,53648
2017,基本金屬製造業,出口額,百萬元,340897,29693,311203
2017,金屬製品製造業,出口額,百萬元,348755,120014,228741
2017,電子零組件製造業,出口額,百萬元,3082695,301530,2781165
2017,電腦、電子產品及光學製品製造業,出口額,百萬元,450310,35548,414762
2017,電力設備及配備製造業,出口額,百萬元,198032,42764,155268
2017,機械設備製造業,出口額,百萬元,354781,141460,213321
2017,汽車及其零件製造業,出口額,百萬元,111519,14952,96567
2017,其他運輸工具及其零件製造業,出口額,百萬元,188604,48076,140527
2017,家具製造業,出口額,百萬元,26017,15683,10334
2017,其他製造業,出口額,百萬元,92169,27831,64338
2017,產業用機械設備維修及安裝業,出口額,百萬元,58337,13520,44817
2018,總計,出口額,百萬元,7259463,1006563,6252899
2018,食品及飼品製造業,出口額,百萬元,39855,10820,29035
2018,飲料製造業,出口額,百萬元,2726,530,2196
2018,菸草製造業,出口額,百萬元,3368,0,
2018,紡織業,出口額,百萬元,193196,21948,171248
2018,成衣及服飾品製造業,出口額,百萬元,19322,9753,9569
2018,皮革、毛皮及其製品製造業,出口額,百萬元,39282,7418,31864
2018,木竹製品製造業,出口額,百萬元,4542,2322,2220
2018,紙漿、紙及紙製品製造業,出口額,百萬元,29314,5985,23329
2018,印刷及資料儲存媒體複製業,出口額,百萬元,49013,4158,44855
2018,石油及煤製品製造業,出口額,百萬元,382713,154,382559
2018,化學原材料、肥料、氮化合物、塑橡膠原料及人造纖維製造業,出口額,百萬元,589557,29178,560379
2018,其他化學製品製造業,出口額,百萬元,87184,13509,73675
2018,藥品及醫用化學製品製造業,出口額,百萬元,20604,1563,19041
2018,橡膠製品製造業,出口額,百萬元,78017,12257,65760
2018,塑膠製品製造業,出口額,百萬元,140225,51901,88324
2018,非金屬礦物製品製造業,出口額,百萬元,69793,20059,49734
2018,基本金屬製造業,出口額,百萬元,373216,30723,342493
2018,金屬製品製造業,出口額,百萬元,369421,125843,243578
2018,電子零組件製造業,出口額,百萬元,3212611,309452,2903159
2018,電腦、電子產品及光學製品製造業,出口額,百萬元,471727,35333,436394
2018,電力設備及配備製造業,出口額,百萬元,197093,35542,161551
2018,機械設備製造業,出口額,百萬元,379095,149239,229856
2018,汽車及其零件製造業,出口額,百萬元,117893,15797,102096
2018,其他運輸工具及其零件製造業,出口額,百萬元,194217,52744,141473
2018,家具製造業,出口額,百萬元,28027,16908,11119
2018,其他製造業,出口額,百萬元,102749,29352,73397
2018,產業用機械設備維修及安裝業,出口額,百萬元,64701,14075,50626
2019,總計,出口額,百萬元,7160725,973884,6186841
2019,食品及飼品製造業,出口額,百萬元,40570,12577,27993
2019,飲料製造業,出口額,百萬元,3100,544,2556
2019,菸草製造業,出口額,百萬元,3288,,
2019,紡織業,出口額,百萬元,177134,22145,154989
2019,成衣及服飾品製造業,出口額,百萬元,18029,8804,9225
2019,皮革、毛皮及其製品製造業,出口額,百萬元,39969,7769,32199
2019,木竹製品製造業,出口額,百萬元,4626,2675,1951
2019,紙漿、紙及紙製品製造業,出口額,百萬元,32964,5873,27091
2019,印刷及資料儲存媒體複製業,出口額,百萬元,54309,4328,49981
2019,石油及煤製品製造業,出口額,百萬元,371588,404,371184
2019,化學原材料、肥料、氮化合物、塑橡膠原料及人造纖維製造業,出口額,百萬元,496739,32830,463909
2019,其他化學製品製造業,出口額,百萬元,89493,14087,75407
2019,藥品及醫用化學製品製造業,出口額,百萬元,21579,1510,20069
2019,橡膠製品製造業,出口額,百萬元,79406,12312,67094
2019,塑膠製品製造業,出口額,百萬元,133912,49559,84353
2019,非金屬礦物製品製造業,出口額,百萬元,66152,18139,48013
2019,基本金屬製造業,出口額,百萬元,325070,25266,299803
2019,金屬製品製造業,出口額,百萬元,349304,122191,227113
2019,電子零組件製造業,出口額,百萬元,3115993,281608,2834385
2019,電腦、電子產品及光學製品製造業,出口額,百萬元,638021,46635,591386
2019,電力設備及配備製造業,出口額,百萬元,221950,32119,189831
2019,機械設備製造業,出口額,百萬元,353059,138984,214075
2019,汽車及其零件製造業,出口額,百萬元,121138,15450,105689
2019,其他運輸工具及其零件製造業,出口額,百萬元,189626,57228,132398
2019,家具製造業,出口額,百萬元,29706,16235,13471
2019,其他製造業,出口額,百萬元,113699,29565,84134
2019,產業用機械設備維修及安裝業,出口額,百萬元,70300,15047,55253
2020,總計,出口額,百萬元,7150955,1093664,6057291
2020,食品及飼品製造業,出口額,百萬元,39246,13258,25988
2020,飲料製造業,出口額,百萬元,1948,514,1434
2020,菸草製造業,出口額,百萬元,2219,,
2020,紡織業,出口額,百萬元,144647,18785,125862
2020,成衣及服飾品製造業,出口額,百萬元,14700,7671,7029
2020,皮革、毛皮及其製品製造業,出口額,百萬元,25170,7732,17438
2020,木竹製品製造業,出口額,百萬元,4600,3566,1033
2020,紙漿、紙及紙製品製造業,出口額,百萬元,30194,5946,24248
2020,印刷及資料儲存媒體複製業,出口額,百萬元,60215,4111,56104
2020,石油及煤製品製造業,出口額,百萬元,167778,564,167213
2020,化學原材料、肥料、氮化合物、塑橡膠原料及人造纖維製造業,出口額,百萬元,441268,33524,407744
2020,其他化學製品製造業,出口額,百萬元,85068,23477,61592
2020,藥品及醫用化學製品製造業,出口額,百萬元,23573,2803,20770
2020,橡膠製品製造業,出口額,百萬元,76465,13739,62726
2020,塑膠製品製造業,出口額,百萬元,130725,55513,75212
2020,非金屬礦物製品製造業,出口額,百萬元,62858,19825,43033
2020,基本金屬製造業,出口額,百萬元,276819,25615,251205
2020,金屬製品製造業,出口額,百萬元,331962,132093,199868
2020,電子零組件製造業,出口額,百萬元,3443551,315633,3127919
2020,電腦、電子產品及光學製品製造業,出口額,百萬元,744535,69833,674702
2020,電力設備及配備製造業,出口額,百萬元,218958,32556,186402
2020,機械設備製造業,出口額,百萬元,336636,141727,194908
2020,汽車及其零件製造業,出口額,百萬元,103245,16969,86276
2020,其他運輸工具及其零件製造業,出口額,百萬元,189021,81776,107244
2020,家具製造業,出口額,百萬元,31501,18508,12992
2020,其他製造業,出口額,百萬元,115005,31664,83342
2020,產業用機械設備維修及安裝業,出口額,百萬元,49048,16261,32787
2021,總計,出口額,百萬元,8754417,1260461,7493956
2021,食品及飼品製造業,出口額,百萬元,41220,14853,26367
2021,飲料製造業,出口額,百萬元,2207,561,1645
2021,菸草、石油及煤製品製造業,出口額,百萬元,273393,945,272448
2021,紡織業,出口額,百萬元,171393,20451,150942
2021,成衣及服飾品製造業,出口額,百萬元,18794,8630,10165
2021,皮革、毛皮及其製品製造業,出口額,百萬元,24560,8201,16359
2021,木竹製品製造業,出口額,百萬元,4017,2791,1226
2021,紙漿、紙及紙製品製造業,出口額,百萬元,34750,6957,27792
2021,印刷及資料儲存媒體複製業,出口額,百萬元,68744,4304,64440
2021,化學原材料、肥料、氮化合物、塑橡膠原料及人造纖維製造業,出口額,百萬元,659027,36801,622226
2021,其他化學製品製造業,出口額,百萬元,100352,24381,75971
2021,藥品及醫用化學製品製造業,出口額,百萬元,23164,3131,20033
2021,橡膠製品製造業,出口額,百萬元,86036,17472,68564
2021,塑膠製品製造業,出口額,百萬元,137790,58097,79693
2021,非金屬礦物製品製造業,出口額,百萬元,62821,18941,43880
2021,基本金屬製造業,出口額,百萬元,411742,31565,380178
2021,金屬製品製造業,出口額,百萬元,412600,154058,258542
2021,電子零組件製造業,出口額,百萬元,4144119,382589,3761530
2021,電腦、電子產品及光學製品製造業,出口額,百萬元,824891,62990,761901
2021,電力設備及配備製造業,出口額,百萬元,267750,36048,231701
2021,機械設備製造業,出口額,百萬元,416733,164237,252495
2021,汽車及其零件製造業,出口額,百萬元,123560,19875,103685
2021,其他運輸工具及其零件製造業,出口額,百萬元,232217,108648,123568
2021,家具製造業,出口額,百萬元,37849,22535,15314
2021,其他製造業,出口額,百萬元,135674,32698,102976
2021,產業用機械設備維修及安裝業,出口額,百萬元,39016,18700,20316
2022,總計,出口額,百萬元,10253784,1358232,8895553
2022,食品及飼品製造業,出口額,百萬元,45312,16734,28578
2022,飲料製造業,出口額,百萬元,2280,367,1913
2022,紡織業,出口額,百萬元,186443,20075,166368
2022,成衣及服飾品製造業,出口額,百萬元,18903,9300,9603
2022,皮革、毛皮及其製品製造業,出口額,百萬元,27454,8519,18935
2022,木竹製品製造業,出口額,百萬元,3569,2446,1123
2022,紙漿、紙及紙製品製造業,出口額,百萬元,36706,7078,29627
2022,印刷及資料儲存媒體複製業,出口額,百萬元,96994,4135,92859
2022,石油及煤製品製造業,出口額,百萬元,504918,1251,503667
2022,化學原材料、肥料、氮化合物、塑橡膠原料及人造纖維製造業,出口額,百萬元,600416,35811,564605
2022,其他化學製品製造業,出口額,百萬元,102811,29002,73809
2022,藥品及醫用化學製品製造業,出口額,百萬元,23417,2542,20875
2022,橡膠製品製造業,出口額,百萬元,96866,19319,77548
2022,塑膠製品製造業,出口額,百萬元,136011,55406,80605
2022,非金屬礦物製品製造業,出口額,百萬元,52275,15854,36421
2022,基本金屬製造業,出口額,百萬元,426914,33485,393428
2022,金屬製品製造業,出口額,百萬元,428869,162170,266699
2022,電子零組件製造業,出口額,百萬元,5096973,443215,4653758
2022,電腦、電子產品及光學製品製造業,出口額,百萬元,1034192,67077,967115
2022,電力設備及配備製造業,出口額,百萬元,309195,35148,274046
2022,機械設備製造業,出口額,百萬元,414837,171812,243025
2022,汽車及其零件製造業,出口額,百萬元,134650,19712,114938
2022,其他運輸工具及其零件製造業,出口額,百萬元,274110,126226,147884
2022,家具製造業,出口額,百萬元,31747,18242,13504
2022,其他製造業,出口額,百萬元,125468,31705,93763
2022,產業用機械設備維修及安裝業,出口額,百萬元,42455,21599,20855
2023,總計,出口額,百萬元,9110758,1137308,7973450
2023,食品及飼品製造業,出口額,百萬元,50204,16688,33516
2023,飲料製造業,出口額,百萬元,2448,389,2059
2023,紡織業,出口額,百萬元,154734,16221,138513
2023,成衣及服飾品製造業,出口額,百萬元,11170,6601,4569
2023,皮革、毛皮及其製品製造業,出口額,百萬元,22706,6661,16045
2023,木竹製品製造業,出口額,百萬元,2990,2334,656
2023,紙漿、紙及紙製品製造業,出口額,百萬元,31856,6172,25684
2023,印刷及資料儲存媒體複製業,出口額,百萬元,69601,4225,65376
2023,石油及煤製品製造業,出口額,百萬元,392182,3633,388549
2023,化學材料及肥料製造業,出口額,百萬元,422013,30798,391215
2023,其他化學製品製造業,出口額,百萬元,91479,27702,63778
2023,藥品及醫用化學製品製造業,出口額,百萬元,23171,2842,20329
2023,橡膠製品製造業,出口額,百萬元,84691,16137,68554
2023,塑膠製品製造業,出口額,百萬元,119849,48711,71138
2023,非金屬礦物製品製造業,出口額,百萬元,49029,14217,34812
2023,基本金屬製造業,出口額,百萬元,402229,28082,374147
2023,金屬製品製造業,出口額,百萬元,352829,136059,216770
2023,電子零組件製造業,出口額,百萬元,4511841,362750,4149091
2023,電腦、電子產品及光學製品製造業,出口額,百萬元,1224688,63648,1161040
2023,電力設備及配備製造業,出口額,百萬元,213386,29601,183785
2023,機械設備製造業,出口額,百萬元,353206,145578,207627
2023,汽車及其零件製造業,出口額,百萬元,126841,17594,109247
2023,其他運輸工具及其零件製造業,出口額,百萬元,210402,83178,127224
2023,家具製造業,出口額,百萬元,26757,15928,10829
2023,其他製造業,出口額,百萬元,115069,28087,86982
2023,產業用機械設備維修及安裝業,出口額,百萬元,45386,23471,21915
2024,總計,出口額,百萬元,10194317,1181049,9013268
2024,食品及飼品製造業,出口額,百萬元,53811,16592,37219
2024,飲料製造業,出口額,百萬元,2959,351,2608
2024,紡織業,出口額,百萬元,157995,15193,142801
2024,成衣及服飾品製造業,出口額,百萬元,11501,6761,4740
2024,皮革、毛皮及其製品製造業,出口額,百萬元,24569,6967,17602
2024,木竹製品製造業,出口額,百萬元,3081,2108,973
2024,紙漿、紙及紙製品製造業,出口額,百萬元,31469,5833,25636
2024,印刷及資料儲存媒體複製業,出口額,百萬元,75093,3844,71249
2024,石油及煤製品製造業,出口額,百萬元,379063,8083,370980
2024,化學材料及肥料製造業,出口額,百萬元,435314,33788,401525
2024,其他化學製品製造業,出口額,百萬元,102278,32294,69984
2024,藥品及醫用化學製品製造業,出口額,百萬元,23321,2650,20671
2024,橡膠製品製造業,出口額,百萬元,86627,16454,70173
2024,塑膠製品製造業,出口額,百萬元,131460,50448,81012
2024,非金屬礦物製品製造業,出口額,百萬元,52732,15807,36924
2024,基本金屬製造業,出口額,百萬元,386677,28930,357747
2024,金屬製品製造業,出口額,百萬元,392816,138802,254015
2024,電子零組件製造業,出口額,百萬元,5088122,350268,4737853
2024,電腦、電子產品及光學製品製造業,出口額,百萬元,1676995,110361,1566634
2024,電力設備及配備製造業,出口額,百萬元,225712,31025,194686
2024,機械設備製造業,出口額,百萬元,375804,152483,223321
2024,汽車及其零件製造業,出口額,百萬元,130950,18483,112467
2024,其他運輸工具及其零件製造業,出口額,百萬元,158781,63382,95399
2024,家具製造業,出口額,百萬元,27917,16908,11009
2024,其他製造業,出口額,百萬元,113854,29783,84070
2024,產業用機械設備維修及安裝業,出口額,百萬元,45419,23451,21968
